FECHA,LOCALIDAD,CANT_INCIDENTES
Apr 1 2014,ANTONIO NARINO,4357
Apr 1 2014,BARRIOS UNIDOS,8145
Apr 1 2014,BOSA,14641
Apr 1 2014,CANDELARIA,1584
Apr 1 2014,CHAPINERO,11802
Apr 1 2014,CIUDAD BOLIVAR,14267
Apr 1 2014,ENGATIVA,24897
Apr 1 2014,FONTIBON,11250
Apr 1 2014,KENNEDY,27835
Apr 1 2014,LOS MARTIRES,6340
Apr 1 2014,PUENTE ARANDA,10544
Apr 1 2014,RAFAEL URIBE URIBE,11762
Apr 1 2014,SAN CRISTOBAL,11378
Apr 1 2014,SANTA FE,7439
Apr 1 2014,SIN LOCALIZACION,2105
Apr 1 2014,SUBA,26956
Apr 1 2014,TEUSAQUILLO,8161
Apr 1 2014,TUNJUELITO,6077
Apr 1 2014,USAQUEN,16425
Apr 1 2014,USME,8430
Apr 1 2015,ANTONIO NARINO,4898
Apr 1 2015,BARRIOS UNIDOS,8119
Apr 1 2015,BOSA,15734
Apr 1 2015,CANDELARIA,1605
Apr 1 2015,CHAPINERO,11626
Apr 1 2015,CIUDAD BOLIVAR,16346
Apr 1 2015,ENGATIVA,25137
Apr 1 2015,FONTIBON,11785
Apr 1 2015,KENNEDY,30711
Apr 1 2015,LOS MARTIRES,6472
Apr 1 2015,PUENTE ARANDA,10771
Apr 1 2015,RAFAEL URIBE URIBE,12633
Apr 1 2015,SAN CRISTOBAL,13264
Apr 1 2015,SANTA FE,7515
Apr 1 2015,SIN LOCALIZACION,957
Apr 1 2015,SUBA,29319
Apr 1 2015,TEUSAQUILLO,8517
Apr 1 2015,TUNJUELITO,6907
Apr 1 2015,USAQUEN,17490
Apr 1 2015,USME,8401
Apr 1 2016,ANTONIO NARINO,5615
Apr 1 2016,BARRIOS UNIDOS,10215
Apr 1 2016,BOSA,18551
Apr 1 2016,CANDELARIA,2227
Apr 1 2016,CHAPINERO,14528
Apr 1 2016,CIUDAD BOLIVAR,19047
Apr 1 2016,ENGATIVA,30129
Apr 1 2016,FONTIBON,14075
Apr 1 2016,KENNEDY,37022
Apr 1 2016,LOS MARTIRES,7657
Apr 1 2016,PUENTE ARANDA,13289
Apr 1 2016,RAFAEL URIBE URIBE,14526
Apr 1 2016,SAN CRISTOBAL,14392
Apr 1 2016,SANTA FE,10265
Apr 1 2016,SIN LOCALIZACION,934
Apr 1 2016,SUBA,37409
Apr 1 2016,TEUSAQUILLO,11894
Apr 1 2016,TUNJUELITO,7905
Apr 1 2016,USAQUEN,22185
Apr 1 2016,USME,10232
Apr 1 2017,ANTONIO NARINO,4785
Apr 1 2017,BARRIOS UNIDOS,8204
Apr 1 2017,BOSA,17653
Apr 1 2017,CANDELARIA,1712
Apr 1 2017,CHAPINERO,11629
Apr 1 2017,CIUDAD BOLIVAR,18412
Apr 1 2017,ENGATIVA,26404
Apr 1 2017,FONTIBON,11749
Apr 1 2017,KENNEDY,34139
Apr 1 2017,LOS MARTIRES,6679
Apr 1 2017,PUENTE ARANDA,10755
Apr 1 2017,RAFAEL URIBE URIBE,12787
Apr 1 2017,SAN CRISTOBAL,12318
Apr 1 2017,SANTA FE,7107
Apr 1 2017,SIN LOCALIZACION,2217
Apr 1 2017,SUBA,32800
Apr 1 2017,TEUSAQUILLO,8825
Apr 1 2017,TUNJUELITO,6368
Apr 1 2017,USAQUEN,18918
Apr 1 2017,USME,8841
Apr 1 2018,ANTONIO NARINO,4606
Apr 1 2018,BARRIOS UNIDOS,8103
Apr 1 2018,BOSA,16548
Apr 1 2018,CANDELARIA,1798
Apr 1 2018,CHAPINERO,11781
Apr 1 2018,CIUDAD BOLIVAR,17070
Apr 1 2018,ENGATIVA,24598
Apr 1 2018,FONTIBON,11328
Apr 1 2018,KENNEDY,31122
Apr 1 2018,LOS MARTIRES,5990
Apr 1 2018,PUENTE ARANDA,10774
Apr 1 2018,RAFAEL URIBE URIBE,11350
Apr 1 2018,SAN CRISTOBAL,11511
Apr 1 2018,SANTA FE,7061
Apr 1 2018,SIN LOCALIZACION,536
Apr 1 2018,SUBA,32224
Apr 1 2018,TEUSAQUILLO,8728
Apr 1 2018,TUNJUELITO,6119
Apr 1 2018,USAQUEN,18982
Apr 1 2018,USME,7840
Apr 1 2019,ANTONIO NARINO,3976
Apr 1 2019,BARRIOS UNIDOS,7273
Apr 1 2019,BOSA,15522
Apr 1 2019,CANDELARIA,1355
Apr 1 2019,CHAPINERO,10102
Apr 1 2019,CIUDAD BOLIVAR,16567
Apr 1 2019,ENGATIVA,23728
Apr 1 2019,FONTIBON,10446
Apr 1 2019,KENNEDY,28077
Apr 1 2019,LOS MARTIRES,5585
Apr 1 2019,PUENTE ARANDA,9207
Apr 1 2019,RAFAEL URIBE URIBE,10646
Apr 1 2019,SAN CRISTOBAL,11132
Apr 1 2019,SANTA FE,5956
Apr 1 2019,SIN LOCALIZACION,1668
Apr 1 2019,SUBA,29810
Apr 1 2019,TEUSAQUILLO,7354
Apr 1 2019,TUNJUELITO,5406
Apr 1 2019,USAQUEN,16566
Apr 1 2019,USME,6889
Aug 1 2014,ANTONIO NARINO,4415
Aug 1 2014,BARRIOS UNIDOS,8412
Aug 1 2014,BOSA,15791
Aug 1 2014,CANDELARIA,1562
Aug 1 2014,CHAPINERO,11784
Aug 1 2014,CIUDAD BOLIVAR,15940
Aug 1 2014,ENGATIVA,26706
Aug 1 2014,FONTIBON,12382
Aug 1 2014,KENNEDY,30167
Aug 1 2014,LOS MARTIRES,6464
Aug 1 2014,PUENTE ARANDA,11213
Aug 1 2014,RAFAEL URIBE URIBE,12544
Aug 1 2014,SAN CRISTOBAL,11901
Aug 1 2014,SANTA FE,7596
Aug 1 2014,SIN LOCALIZACION,2205
Aug 1 2014,SUBA,29382
Aug 1 2014,TEUSAQUILLO,8061
Aug 1 2014,TUNJUELITO,6767
Aug 1 2014,USAQUEN,17005
Aug 1 2014,USME,8589
Aug 1 2015,ANTONIO NARINO,5685
Aug 1 2015,BARRIOS UNIDOS,9184
Aug 1 2015,BOSA,19053
Aug 1 2015,CANDELARIA,2008
Aug 1 2015,CHAPINERO,13273
Aug 1 2015,CIUDAD BOLIVAR,19287
Aug 1 2015,ENGATIVA,30826
Aug 1 2015,FONTIBON,13301
Aug 1 2015,KENNEDY,36405
Aug 1 2015,LOS MARTIRES,7943
Aug 1 2015,PUENTE ARANDA,13688
Aug 1 2015,RAFAEL URIBE URIBE,14133
Aug 1 2015,SAN CRISTOBAL,13925
Aug 1 2015,SANTA FE,9848
Aug 1 2015,SIN LOCALIZACION,790
Aug 1 2015,SUBA,35174
Aug 1 2015,TEUSAQUILLO,10438
Aug 1 2015,TUNJUELITO,8008
Aug 1 2015,USAQUEN,20650
Aug 1 2015,USME,9919
Aug 1 2016,ANTONIO NARINO,4635
Aug 1 2016,BARRIOS UNIDOS,8781
Aug 1 2016,BOSA,15013
Aug 1 2016,CANDELARIA,1765
Aug 1 2016,CHAPINERO,12691
Aug 1 2016,CIUDAD BOLIVAR,13228
Aug 1 2016,ENGATIVA,25115
Aug 1 2016,FONTIBON,11087
Aug 1 2016,KENNEDY,28585
Aug 1 2016,LOS MARTIRES,7891
Aug 1 2016,PUENTE ARANDA,10801
Aug 1 2016,RAFAEL URIBE URIBE,10624
Aug 1 2016,SAN CRISTOBAL,10671
Aug 1 2016,SANTA FE,8648
Aug 1 2016,SIN LOCALIZACION,59773
Aug 1 2016,SUBA,31372
Aug 1 2016,TEUSAQUILLO,9200
Aug 1 2016,TUNJUELITO,6153
Aug 1 2016,USAQUEN,17538
Aug 1 2016,USME,6308
Aug 1 2017,ANTONIO NARINO,5159
Aug 1 2017,BARRIOS UNIDOS,8922
Aug 1 2017,BOSA,18310
Aug 1 2017,CANDELARIA,1917
Aug 1 2017,CHAPINERO,11782
Aug 1 2017,CIUDAD BOLIVAR,18778
Aug 1 2017,ENGATIVA,28239
Aug 1 2017,FONTIBON,12192
Aug 1 2017,KENNEDY,33431
Aug 1 2017,LOS MARTIRES,7583
Aug 1 2017,PUENTE ARANDA,11371
Aug 1 2017,RAFAEL URIBE URIBE,12994
Aug 1 2017,SAN CRISTOBAL,12311
Aug 1 2017,SANTA FE,7875
Aug 1 2017,SIN LOCALIZACION,555
Aug 1 2017,SUBA,34560
Aug 1 2017,TEUSAQUILLO,9600
Aug 1 2017,TUNJUELITO,6409
Aug 1 2017,USAQUEN,19701
Aug 1 2017,USME,8528
Aug 1 2018,ANTONIO NARINO,4274
Aug 1 2018,BARRIOS UNIDOS,8244
Aug 1 2018,BOSA,16632
Aug 1 2018,CANDELARIA,1702
Aug 1 2018,CHAPINERO,11021
Aug 1 2018,CIUDAD BOLIVAR,16868
Aug 1 2018,ENGATIVA,24667
Aug 1 2018,FONTIBON,10671
Aug 1 2018,KENNEDY,30603
Aug 1 2018,LOS MARTIRES,5572
Aug 1 2018,PUENTE ARANDA,10601
Aug 1 2018,RAFAEL URIBE URIBE,11635
Aug 1 2018,SAN CRISTOBAL,10773
Aug 1 2018,SANTA FE,6978
Aug 1 2018,SIN LOCALIZACION,592
Aug 1 2018,SUBA,33170
Aug 1 2018,TEUSAQUILLO,8462
Aug 1 2018,TUNJUELITO,5830
Aug 1 2018,USAQUEN,17841
Aug 1 2018,USME,7157
Aug 1 2019,ANTONIO NARINO,4334
Aug 1 2019,BARRIOS UNIDOS,8229
Aug 1 2019,BOSA,16090
Aug 1 2019,CANDELARIA,1423
Aug 1 2019,CHAPINERO,10853
Aug 1 2019,CIUDAD BOLIVAR,16921
Aug 1 2019,ENGATIVA,24302
Aug 1 2019,FONTIBON,11843
Aug 1 2019,KENNEDY,29784
Aug 1 2019,LOS MARTIRES,5637
Aug 1 2019,PUENTE ARANDA,10577
Aug 1 2019,RAFAEL URIBE URIBE,11866
Aug 1 2019,SAN CRISTOBAL,11223
Aug 1 2019,SANTA FE,6863
Aug 1 2019,SIN LOCALIZACION,1961
Aug 1 2019,SUBA,30769
Aug 1 2019,TEUSAQUILLO,8325
Aug 1 2019,TUNJUELITO,5534
Aug 1 2019,USAQUEN,17052
Aug 1 2019,USME,6762
Dec 1 2014,ANTONIO NARINO,5487
Dec 1 2014,BARRIOS UNIDOS,10090
Dec 1 2014,BOSA,17944
Dec 1 2014,CANDELARIA,1928
Dec 1 2014,CHAPINERO,12950
Dec 1 2014,CIUDAD BOLIVAR,19298
Dec 1 2014,ENGATIVA,32800
Dec 1 2014,FONTIBON,15154
Dec 1 2014,KENNEDY,36933
Dec 1 2014,LOS MARTIRES,7974
Dec 1 2014,PUENTE ARANDA,14440
Dec 1 2014,RAFAEL URIBE URIBE,15754
Dec 1 2014,SAN CRISTOBAL,16772
Dec 1 2014,SANTA FE,9091
Dec 1 2014,SIN LOCALIZACION,2249
Dec 1 2014,SUBA,35269
Dec 1 2014,TEUSAQUILLO,9527
Dec 1 2014,TUNJUELITO,8010
Dec 1 2014,USAQUEN,20246
Dec 1 2014,USME,10107
Dec 1 2015,ANTONIO NARINO,6473
Dec 1 2015,BARRIOS UNIDOS,10671
Dec 1 2015,BOSA,20325
Dec 1 2015,CANDELARIA,2091
Dec 1 2015,CHAPINERO,13371
Dec 1 2015,CIUDAD BOLIVAR,20863
Dec 1 2015,ENGATIVA,34752
Dec 1 2015,FONTIBON,16252
Dec 1 2015,KENNEDY,41422
Dec 1 2015,LOS MARTIRES,8497
Dec 1 2015,PUENTE ARANDA,15138
Dec 1 2015,RAFAEL URIBE URIBE,15707
Dec 1 2015,SAN CRISTOBAL,15886
Dec 1 2015,SANTA FE,9961
Dec 1 2015,SIN LOCALIZACION,1293
Dec 1 2015,SUBA,35835
Dec 1 2015,TEUSAQUILLO,10214
Dec 1 2015,TUNJUELITO,9036
Dec 1 2015,USAQUEN,22167
Dec 1 2015,USME,10943
Dec 1 2016,ANTONIO NARINO,5806
Dec 1 2016,BARRIOS UNIDOS,9409
Dec 1 2016,BOSA,17808
Dec 1 2016,CANDELARIA,1714
Dec 1 2016,CHAPINERO,12113
Dec 1 2016,CIUDAD BOLIVAR,18187
Dec 1 2016,ENGATIVA,30222
Dec 1 2016,FONTIBON,13754
Dec 1 2016,KENNEDY,35997
Dec 1 2016,LOS MARTIRES,7354
Dec 1 2016,PUENTE ARANDA,13206
Dec 1 2016,RAFAEL URIBE URIBE,12988
Dec 1 2016,SAN CRISTOBAL,12852
Dec 1 2016,SANTA FE,7819
Dec 1 2016,SIN LOCALIZACION,24582
Dec 1 2016,SUBA,35386
Dec 1 2016,TEUSAQUILLO,8898
Dec 1 2016,TUNJUELITO,7361
Dec 1 2016,USAQUEN,19419
Dec 1 2016,USME,8375
Dec 1 2017,ANTONIO NARINO,5889
Dec 1 2017,BARRIOS UNIDOS,9901
Dec 1 2017,BOSA,21670
Dec 1 2017,CANDELARIA,1645
Dec 1 2017,CHAPINERO,11708
Dec 1 2017,CIUDAD BOLIVAR,21124
Dec 1 2017,ENGATIVA,31707
Dec 1 2017,FONTIBON,14199
Dec 1 2017,KENNEDY,40812
Dec 1 2017,LOS MARTIRES,8167
Dec 1 2017,PUENTE ARANDA,14303
Dec 1 2017,RAFAEL URIBE URIBE,15566
Dec 1 2017,SAN CRISTOBAL,14814
Dec 1 2017,SANTA FE,8064
Dec 1 2017,SIN LOCALIZACION,947
Dec 1 2017,SUBA,40132
Dec 1 2017,TEUSAQUILLO,9671
Dec 1 2017,TUNJUELITO,7795
Dec 1 2017,USAQUEN,22809
Dec 1 2017,USME,9774
Dec 1 2018,ANTONIO NARINO,5360
Dec 1 2018,BARRIOS UNIDOS,8525
Dec 1 2018,BOSA,20193
Dec 1 2018,CANDELARIA,1725
Dec 1 2018,CHAPINERO,11026
Dec 1 2018,CIUDAD BOLIVAR,20896
Dec 1 2018,ENGATIVA,30036
Dec 1 2018,FONTIBON,13663
Dec 1 2018,KENNEDY,35734
Dec 1 2018,LOS MARTIRES,7506
Dec 1 2018,PUENTE ARANDA,12519
Dec 1 2018,RAFAEL URIBE URIBE,13840
Dec 1 2018,SAN CRISTOBAL,13736
Dec 1 2018,SANTA FE,7803
Dec 1 2018,SIN LOCALIZACION,880
Dec 1 2018,SUBA,37220
Dec 1 2018,TEUSAQUILLO,7903
Dec 1 2018,TUNJUELITO,7141
Dec 1 2018,USAQUEN,19988
Dec 1 2018,USME,8582
Feb 1 2014,ANTONIO NARINO,3869
Feb 1 2014,BARRIOS UNIDOS,7682
Feb 1 2014,BOSA,14515
Feb 1 2014,CANDELARIA,1653
Feb 1 2014,CHAPINERO,12145
Feb 1 2014,CIUDAD BOLIVAR,13407
Feb 1 2014,ENGATIVA,24194
Feb 1 2014,FONTIBON,10600
Feb 1 2014,KENNEDY,26456
Feb 1 2014,LOS MARTIRES,5974
Feb 1 2014,PUENTE ARANDA,9630
Feb 1 2014,RAFAEL URIBE URIBE,11475
Feb 1 2014,SAN CRISTOBAL,11501
Feb 1 2014,SANTA FE,7270
Feb 1 2014,SIN LOCALIZACION,1742
Feb 1 2014,SUBA,25609
Feb 1 2014,TEUSAQUILLO,7732
Feb 1 2014,TUNJUELITO,5874
Feb 1 2014,USAQUEN,15496
Feb 1 2014,USME,8634
Feb 1 2015,ANTONIO NARINO,4707
Feb 1 2015,BARRIOS UNIDOS,8471
Feb 1 2015,BOSA,15043
Feb 1 2015,CANDELARIA,1812
Feb 1 2015,CHAPINERO,12375
Feb 1 2015,CIUDAD BOLIVAR,15398
Feb 1 2015,ENGATIVA,26628
Feb 1 2015,FONTIBON,11724
Feb 1 2015,KENNEDY,29329
Feb 1 2015,LOS MARTIRES,6730
Feb 1 2015,PUENTE ARANDA,11127
Feb 1 2015,RAFAEL URIBE URIBE,12759
Feb 1 2015,SAN CRISTOBAL,13072
Feb 1 2015,SANTA FE,8535
Feb 1 2015,SIN LOCALIZACION,821
Feb 1 2015,SUBA,28983
Feb 1 2015,TEUSAQUILLO,9064
Feb 1 2015,TUNJUELITO,6407
Feb 1 2015,USAQUEN,18447
Feb 1 2015,USME,8832
Feb 1 2016,ANTONIO NARINO,5555
Feb 1 2016,BARRIOS UNIDOS,9676
Feb 1 2016,BOSA,17817
Feb 1 2016,CANDELARIA,2173
Feb 1 2016,CHAPINERO,14063
Feb 1 2016,CIUDAD BOLIVAR,17858
Feb 1 2016,ENGATIVA,28508
Feb 1 2016,FONTIBON,14040
Feb 1 2016,KENNEDY,34622
Feb 1 2016,LOS MARTIRES,7358
Feb 1 2016,PUENTE ARANDA,12923
Feb 1 2016,RAFAEL URIBE URIBE,14621
Feb 1 2016,SAN CRISTOBAL,14312
Feb 1 2016,SANTA FE,9885
Feb 1 2016,SIN LOCALIZACION,836
Feb 1 2016,SUBA,33813
Feb 1 2016,TEUSAQUILLO,10323
Feb 1 2016,TUNJUELITO,7486
Feb 1 2016,USAQUEN,21742
Feb 1 2016,USME,9762
Feb 1 2017,ANTONIO NARINO,4624
Feb 1 2017,BARRIOS UNIDOS,8933
Feb 1 2017,BOSA,16400
Feb 1 2017,CANDELARIA,1864
Feb 1 2017,CHAPINERO,13089
Feb 1 2017,CIUDAD BOLIVAR,17069
Feb 1 2017,ENGATIVA,27320
Feb 1 2017,FONTIBON,12090
Feb 1 2017,KENNEDY,32835
Feb 1 2017,LOS MARTIRES,6565
Feb 1 2017,PUENTE ARANDA,11233
Feb 1 2017,RAFAEL URIBE URIBE,12406
Feb 1 2017,SAN CRISTOBAL,11575
Feb 1 2017,SANTA FE,7322
Feb 1 2017,SIN LOCALIZACION,665
Feb 1 2017,SUBA,32737
Feb 1 2017,TEUSAQUILLO,8986
Feb 1 2017,TUNJUELITO,6093
Feb 1 2017,USAQUEN,19687
Feb 1 2017,USME,8686
Feb 1 2018,ANTONIO NARINO,4404
Feb 1 2018,BARRIOS UNIDOS,7536
Feb 1 2018,BOSA,15362
Feb 1 2018,CANDELARIA,1609
Feb 1 2018,CHAPINERO,10931
Feb 1 2018,CIUDAD BOLIVAR,16977
Feb 1 2018,ENGATIVA,24395
Feb 1 2018,FONTIBON,11372
Feb 1 2018,KENNEDY,29806
Feb 1 2018,LOS MARTIRES,6095
Feb 1 2018,PUENTE ARANDA,10394
Feb 1 2018,RAFAEL URIBE URIBE,11538
Feb 1 2018,SAN CRISTOBAL,11292
Feb 1 2018,SANTA FE,6862
Feb 1 2018,SIN LOCALIZACION,475
Feb 1 2018,SUBA,30278
Feb 1 2018,TEUSAQUILLO,8505
Feb 1 2018,TUNJUELITO,5888
Feb 1 2018,USAQUEN,18886
Feb 1 2018,USME,7559
Feb 1 2019,ANTONIO NARINO,3869
Feb 1 2019,BARRIOS UNIDOS,7172
Feb 1 2019,BOSA,15218
Feb 1 2019,CANDELARIA,1476
Feb 1 2019,CHAPINERO,10474
Feb 1 2019,CIUDAD BOLIVAR,15025
Feb 1 2019,ENGATIVA,23465
Feb 1 2019,FONTIBON,10119
Feb 1 2019,KENNEDY,28416
Feb 1 2019,LOS MARTIRES,5540
Feb 1 2019,PUENTE ARANDA,9360
Feb 1 2019,RAFAEL URIBE URIBE,10423
Feb 1 2019,SAN CRISTOBAL,10225
Feb 1 2019,SANTA FE,6167
Feb 1 2019,SIN LOCALIZACION,517
Feb 1 2019,SUBA,28450
Feb 1 2019,TEUSAQUILLO,7027
Feb 1 2019,TUNJUELITO,5283
Feb 1 2019,USAQUEN,16735
Feb 1 2019,USME,6611
Jan 1 2014,ANTONIO NARINO,3796
Jan 1 2014,BARRIOS UNIDOS,6710
Jan 1 2014,BOSA,13437
Jan 1 2014,CANDELARIA,1426
Jan 1 2014,CHAPINERO,9553
Jan 1 2014,CIUDAD BOLIVAR,13799
Jan 1 2014,ENGATIVA,22668
Jan 1 2014,FONTIBON,9519
Jan 1 2014,KENNEDY,23261
Jan 1 2014,LOS MARTIRES,5362
Jan 1 2014,PUENTE ARANDA,9318
Jan 1 2014,RAFAEL URIBE URIBE,11009
Jan 1 2014,SAN CRISTOBAL,11556
Jan 1 2014,SANTA FE,6388
Jan 1 2014,SIN LOCALIZACION,2003
Jan 1 2014,SUBA,24406
Jan 1 2014,TEUSAQUILLO,6501
Jan 1 2014,TUNJUELITO,5514
Jan 1 2014,USAQUEN,13791
Jan 1 2014,USME,8201
Jan 1 2015,ANTONIO NARINO,4186
Jan 1 2015,BARRIOS UNIDOS,7273
Jan 1 2015,BOSA,14570
Jan 1 2015,CANDELARIA,1705
Jan 1 2015,CHAPINERO,9823
Jan 1 2015,CIUDAD BOLIVAR,15241
Jan 1 2015,ENGATIVA,24382
Jan 1 2015,FONTIBON,10945
Jan 1 2015,KENNEDY,27549
Jan 1 2015,LOS MARTIRES,6137
Jan 1 2015,PUENTE ARANDA,10425
Jan 1 2015,RAFAEL URIBE URIBE,12693
Jan 1 2015,SAN CRISTOBAL,13530
Jan 1 2015,SANTA FE,7647
Jan 1 2015,SIN LOCALIZACION,991
Jan 1 2015,SUBA,27240
Jan 1 2015,TEUSAQUILLO,7501
Jan 1 2015,TUNJUELITO,6410
Jan 1 2015,USAQUEN,15453
Jan 1 2015,USME,9126
Jan 1 2016,ANTONIO NARINO,5047
Jan 1 2016,BARRIOS UNIDOS,8470
Jan 1 2016,BOSA,16863
Jan 1 2016,CANDELARIA,1946
Jan 1 2016,CHAPINERO,10733
Jan 1 2016,CIUDAD BOLIVAR,18462
Jan 1 2016,ENGATIVA,27212
Jan 1 2016,FONTIBON,13478
Jan 1 2016,KENNEDY,33396
Jan 1 2016,LOS MARTIRES,6518
Jan 1 2016,PUENTE ARANDA,10993
Jan 1 2016,RAFAEL URIBE URIBE,14294
Jan 1 2016,SAN CRISTOBAL,15109
Jan 1 2016,SANTA FE,8634
Jan 1 2016,SIN LOCALIZACION,950
Jan 1 2016,SUBA,32912
Jan 1 2016,TEUSAQUILLO,9132
Jan 1 2016,TUNJUELITO,7596
Jan 1 2016,USAQUEN,18936
Jan 1 2016,USME,10408
Jan 1 2017,ANTONIO NARINO,4680
Jan 1 2017,BARRIOS UNIDOS,7497
Jan 1 2017,BOSA,15849
Jan 1 2017,CANDELARIA,1515
Jan 1 2017,CHAPINERO,9982
Jan 1 2017,CIUDAD BOLIVAR,16786
Jan 1 2017,ENGATIVA,24173
Jan 1 2017,FONTIBON,10475
Jan 1 2017,KENNEDY,29689
Jan 1 2017,LOS MARTIRES,5857
Jan 1 2017,PUENTE ARANDA,10507
Jan 1 2017,RAFAEL URIBE URIBE,11644
Jan 1 2017,SAN CRISTOBAL,11405
Jan 1 2017,SANTA FE,6799
Jan 1 2017,SIN LOCALIZACION,615
Jan 1 2017,SUBA,29745
Jan 1 2017,TEUSAQUILLO,7090
Jan 1 2017,TUNJUELITO,6118
Jan 1 2017,USAQUEN,16858
Jan 1 2017,USME,8058
Jan 1 2018,ANTONIO NARINO,4223
Jan 1 2018,BARRIOS UNIDOS,7147
Jan 1 2018,BOSA,15983
Jan 1 2018,CANDELARIA,1399
Jan 1 2018,CHAPINERO,9450
Jan 1 2018,CIUDAD BOLIVAR,16567
Jan 1 2018,ENGATIVA,22914
Jan 1 2018,FONTIBON,10055
Jan 1 2018,KENNEDY,29351
Jan 1 2018,LOS MARTIRES,5561
Jan 1 2018,PUENTE ARANDA,9977
Jan 1 2018,RAFAEL URIBE URIBE,11432
Jan 1 2018,SAN CRISTOBAL,10951
Jan 1 2018,SANTA FE,6190
Jan 1 2018,SIN LOCALIZACION,537
Jan 1 2018,SUBA,30145
Jan 1 2018,TEUSAQUILLO,7333
Jan 1 2018,TUNJUELITO,5401
Jan 1 2018,USAQUEN,16828
Jan 1 2018,USME,7355
Jan 1 2019,ANTONIO NARINO,3726
Jan 1 2019,BARRIOS UNIDOS,6365
Jan 1 2019,BOSA,15638
Jan 1 2019,CANDELARIA,1370
Jan 1 2019,CHAPINERO,8790
Jan 1 2019,CIUDAD BOLIVAR,15420
Jan 1 2019,ENGATIVA,23055
Jan 1 2019,FONTIBON,10067
Jan 1 2019,KENNEDY,26459
Jan 1 2019,LOS MARTIRES,5207
Jan 1 2019,PUENTE ARANDA,9231
Jan 1 2019,RAFAEL URIBE URIBE,10360
Jan 1 2019,SAN CRISTOBAL,10562
Jan 1 2019,SANTA FE,5781
Jan 1 2019,SIN LOCALIZACION,732
Jan 1 2019,SUBA,27710
Jan 1 2019,TEUSAQUILLO,6560
Jan 1 2019,TUNJUELITO,4997
Jan 1 2019,USAQUEN,15529
Jan 1 2019,USME,6763
Jul 1 2014,ANTONIO NARINO,4075
Jul 1 2014,BARRIOS UNIDOS,7809
Jul 1 2014,BOSA,15402
Jul 1 2014,CANDELARIA,1367
Jul 1 2014,CHAPINERO,10625
Jul 1 2014,CIUDAD BOLIVAR,14413
Jul 1 2014,ENGATIVA,24489
Jul 1 2014,FONTIBON,11586
Jul 1 2014,KENNEDY,28180
Jul 1 2014,LOS MARTIRES,6019
Jul 1 2014,PUENTE ARANDA,10503
Jul 1 2014,RAFAEL URIBE URIBE,11491
Jul 1 2014,SAN CRISTOBAL,10891
Jul 1 2014,SANTA FE,6798
Jul 1 2014,SIN LOCALIZACION,2065
Jul 1 2014,SUBA,26570
Jul 1 2014,TEUSAQUILLO,7986
Jul 1 2014,TUNJUELITO,6404
Jul 1 2014,USAQUEN,15265
Jul 1 2014,USME,7998
Jul 1 2015,ANTONIO NARINO,5405
Jul 1 2015,BARRIOS UNIDOS,9972
Jul 1 2015,BOSA,18391
Jul 1 2015,CANDELARIA,1910
Jul 1 2015,CHAPINERO,13096
Jul 1 2015,CIUDAD BOLIVAR,19060
Jul 1 2015,ENGATIVA,29796
Jul 1 2015,FONTIBON,14079
Jul 1 2015,KENNEDY,34336
Jul 1 2015,LOS MARTIRES,7601
Jul 1 2015,PUENTE ARANDA,13669
Jul 1 2015,RAFAEL URIBE URIBE,13388
Jul 1 2015,SAN CRISTOBAL,13463
Jul 1 2015,SANTA FE,8745
Jul 1 2015,SIN LOCALIZACION,940
Jul 1 2015,SUBA,32764
Jul 1 2015,TEUSAQUILLO,10405
Jul 1 2015,TUNJUELITO,7357
Jul 1 2015,USAQUEN,19144
Jul 1 2015,USME,10130
Jul 1 2016,ANTONIO NARINO,4766
Jul 1 2016,BARRIOS UNIDOS,8424
Jul 1 2016,BOSA,16162
Jul 1 2016,CANDELARIA,1725
Jul 1 2016,CHAPINERO,12605
Jul 1 2016,CIUDAD BOLIVAR,14910
Jul 1 2016,ENGATIVA,27091
Jul 1 2016,FONTIBON,11749
Jul 1 2016,KENNEDY,31521
Jul 1 2016,LOS MARTIRES,8309
Jul 1 2016,PUENTE ARANDA,10513
Jul 1 2016,RAFAEL URIBE URIBE,12114
Jul 1 2016,SAN CRISTOBAL,11515
Jul 1 2016,SANTA FE,8598
Jul 1 2016,SIN LOCALIZACION,46807
Jul 1 2016,SUBA,32525
Jul 1 2016,TEUSAQUILLO,8949
Jul 1 2016,TUNJUELITO,6525
Jul 1 2016,USAQUEN,18779
Jul 1 2016,USME,7176
Jul 1 2017,ANTONIO NARINO,4669
Jul 1 2017,BARRIOS UNIDOS,8440
Jul 1 2017,BOSA,17945
Jul 1 2017,CANDELARIA,1663
Jul 1 2017,CHAPINERO,11055
Jul 1 2017,CIUDAD BOLIVAR,18759
Jul 1 2017,ENGATIVA,27804
Jul 1 2017,FONTIBON,12251
Jul 1 2017,KENNEDY,35439
Jul 1 2017,LOS MARTIRES,6812
Jul 1 2017,PUENTE ARANDA,11340
Jul 1 2017,RAFAEL URIBE URIBE,12350
Jul 1 2017,SAN CRISTOBAL,11809
Jul 1 2017,SANTA FE,7331
Jul 1 2017,SIN LOCALIZACION,694
Jul 1 2017,SUBA,33738
Jul 1 2017,TEUSAQUILLO,8959
Jul 1 2017,TUNJUELITO,6440
Jul 1 2017,USAQUEN,18940
Jul 1 2017,USME,7756
Jul 1 2018,ANTONIO NARINO,4548
Jul 1 2018,BARRIOS UNIDOS,7690
Jul 1 2018,BOSA,17429
Jul 1 2018,CANDELARIA,1499
Jul 1 2018,CHAPINERO,9554
Jul 1 2018,CIUDAD BOLIVAR,17435
Jul 1 2018,ENGATIVA,25042
Jul 1 2018,FONTIBON,11342
Jul 1 2018,KENNEDY,32080
Jul 1 2018,LOS MARTIRES,5585
Jul 1 2018,PUENTE ARANDA,10110
Jul 1 2018,RAFAEL URIBE URIBE,12601
Jul 1 2018,SAN CRISTOBAL,11035
Jul 1 2018,SANTA FE,6525
Jul 1 2018,SIN LOCALIZACION,507
Jul 1 2018,SUBA,32256
Jul 1 2018,TEUSAQUILLO,7306
Jul 1 2018,TUNJUELITO,6154
Jul 1 2018,USAQUEN,17955
Jul 1 2018,USME,7178
Jul 1 2019,ANTONIO NARINO,4156
Jul 1 2019,BARRIOS UNIDOS,7709
Jul 1 2019,BOSA,15789
Jul 1 2019,CANDELARIA,1405
Jul 1 2019,CHAPINERO,9660
Jul 1 2019,CIUDAD BOLIVAR,15093
Jul 1 2019,ENGATIVA,22720
Jul 1 2019,FONTIBON,10927
Jul 1 2019,KENNEDY,27822
Jul 1 2019,LOS MARTIRES,5775
Jul 1 2019,PUENTE ARANDA,9820
Jul 1 2019,RAFAEL URIBE URIBE,10684
Jul 1 2019,SAN CRISTOBAL,11354
Jul 1 2019,SANTA FE,5847
Jul 1 2019,SIN LOCALIZACION,1867
Jul 1 2019,SUBA,28540
Jul 1 2019,TEUSAQUILLO,7085
Jul 1 2019,TUNJUELITO,5195
Jul 1 2019,USAQUEN,15790
Jul 1 2019,USME,6469
Jun 1 2014,ANTONIO NARINO,4291
Jun 1 2014,BARRIOS UNIDOS,7339
Jun 1 2014,BOSA,16552
Jun 1 2014,CANDELARIA,1518
Jun 1 2014,CHAPINERO,10505
Jun 1 2014,CIUDAD BOLIVAR,16478
Jun 1 2014,ENGATIVA,25236
Jun 1 2014,FONTIBON,11293
Jun 1 2014,KENNEDY,29550
Jun 1 2014,LOS MARTIRES,6486
Jun 1 2014,PUENTE ARANDA,10884
Jun 1 2014,RAFAEL URIBE URIBE,13409
Jun 1 2014,SAN CRISTOBAL,12046
Jun 1 2014,SANTA FE,7098
Jun 1 2014,SIN LOCALIZACION,2085
Jun 1 2014,SUBA,28362
Jun 1 2014,TEUSAQUILLO,7346
Jun 1 2014,TUNJUELITO,6946
Jun 1 2014,USAQUEN,15499
Jun 1 2014,USME,8888
Jun 1 2015,ANTONIO NARINO,4998
Jun 1 2015,BARRIOS UNIDOS,8657
Jun 1 2015,BOSA,18066
Jun 1 2015,CANDELARIA,1623
Jun 1 2015,CHAPINERO,11481
Jun 1 2015,CIUDAD BOLIVAR,17039
Jun 1 2015,ENGATIVA,27239
Jun 1 2015,FONTIBON,12252
Jun 1 2015,KENNEDY,31276
Jun 1 2015,LOS MARTIRES,6630
Jun 1 2015,PUENTE ARANDA,11592
Jun 1 2015,RAFAEL URIBE URIBE,12555
Jun 1 2015,SAN CRISTOBAL,12932
Jun 1 2015,SANTA FE,7925
Jun 1 2015,SIN LOCALIZACION,974
Jun 1 2015,SUBA,30737
Jun 1 2015,TEUSAQUILLO,8543
Jun 1 2015,TUNJUELITO,6966
Jun 1 2015,USAQUEN,17705
Jun 1 2015,USME,9022
Jun 1 2016,ANTONIO NARINO,5459
Jun 1 2016,BARRIOS UNIDOS,9873
Jun 1 2016,BOSA,17060
Jun 1 2016,CANDELARIA,1779
Jun 1 2016,CHAPINERO,13895
Jun 1 2016,CIUDAD BOLIVAR,17661
Jun 1 2016,ENGATIVA,29387
Jun 1 2016,FONTIBON,13318
Jun 1 2016,KENNEDY,34301
Jun 1 2016,LOS MARTIRES,9473
Jun 1 2016,PUENTE ARANDA,12105
Jun 1 2016,RAFAEL URIBE URIBE,14338
Jun 1 2016,SAN CRISTOBAL,13170
Jun 1 2016,SANTA FE,9429
Jun 1 2016,SIN LOCALIZACION,846
Jun 1 2016,SUBA,34449
Jun 1 2016,TEUSAQUILLO,10475
Jun 1 2016,TUNJUELITO,7160
Jun 1 2016,USAQUEN,21265
Jun 1 2016,USME,8891
Jun 1 2017,ANTONIO NARINO,4681
Jun 1 2017,BARRIOS UNIDOS,8375
Jun 1 2017,BOSA,17203
Jun 1 2017,CANDELARIA,1736
Jun 1 2017,CHAPINERO,11493
Jun 1 2017,CIUDAD BOLIVAR,18285
Jun 1 2017,ENGATIVA,26098
Jun 1 2017,FONTIBON,11928
Jun 1 2017,KENNEDY,32262
Jun 1 2017,LOS MARTIRES,7111
Jun 1 2017,PUENTE ARANDA,11538
Jun 1 2017,RAFAEL URIBE URIBE,12138
Jun 1 2017,SAN CRISTOBAL,11817
Jun 1 2017,SANTA FE,7149
Jun 1 2017,SIN LOCALIZACION,633
Jun 1 2017,SUBA,33173
Jun 1 2017,TEUSAQUILLO,8684
Jun 1 2017,TUNJUELITO,5866
Jun 1 2017,USAQUEN,19295
Jun 1 2017,USME,8107
Jun 1 2018,ANTONIO NARINO,4108
Jun 1 2018,BARRIOS UNIDOS,7607
Jun 1 2018,BOSA,16367
Jun 1 2018,CANDELARIA,1412
Jun 1 2018,CHAPINERO,9595
Jun 1 2018,CIUDAD BOLIVAR,17328
Jun 1 2018,ENGATIVA,24232
Jun 1 2018,FONTIBON,10824
Jun 1 2018,KENNEDY,29255
Jun 1 2018,LOS MARTIRES,5779
Jun 1 2018,PUENTE ARANDA,10267
Jun 1 2018,RAFAEL URIBE URIBE,11490
Jun 1 2018,SAN CRISTOBAL,11132
Jun 1 2018,SANTA FE,6209
Jun 1 2018,SIN LOCALIZACION,561
Jun 1 2018,SUBA,32521
Jun 1 2018,TEUSAQUILLO,7643
Jun 1 2018,TUNJUELITO,5831
Jun 1 2018,USAQUEN,17476
Jun 1 2018,USME,7066
Jun 1 2019,ANTONIO NARINO,3934
Jun 1 2019,BARRIOS UNIDOS,7381
Jun 1 2019,BOSA,15640
Jun 1 2019,CANDELARIA,1317
Jun 1 2019,CHAPINERO,9592
Jun 1 2019,CIUDAD BOLIVAR,15014
Jun 1 2019,ENGATIVA,23683
Jun 1 2019,FONTIBON,10050
Jun 1 2019,KENNEDY,27943
Jun 1 2019,LOS MARTIRES,5620
Jun 1 2019,PUENTE ARANDA,9331
Jun 1 2019,RAFAEL URIBE URIBE,11084
Jun 1 2019,SAN CRISTOBAL,10945
Jun 1 2019,SANTA FE,5719
Jun 1 2019,SIN LOCALIZACION,1715
Jun 1 2019,SUBA,29666
Jun 1 2019,TEUSAQUILLO,6888
Jun 1 2019,TUNJUELITO,5363
Jun 1 2019,USAQUEN,15568
Jun 1 2019,USME,6483
Mar 1 2014,ANTONIO NARINO,4450
Mar 1 2014,BARRIOS UNIDOS,8789
Mar 1 2014,BOSA,17163
Mar 1 2014,CANDELARIA,1782
Mar 1 2014,CHAPINERO,13979
Mar 1 2014,CIUDAD BOLIVAR,16480
Mar 1 2014,ENGATIVA,28835
Mar 1 2014,FONTIBON,12454
Mar 1 2014,KENNEDY,32025
Mar 1 2014,LOS MARTIRES,6734
Mar 1 2014,PUENTE ARANDA,11333
Mar 1 2014,RAFAEL URIBE URIBE,13326
Mar 1 2014,SAN CRISTOBAL,12897
Mar 1 2014,SANTA FE,8230
Mar 1 2014,SIN LOCALIZACION,2426
Mar 1 2014,SUBA,31519
Mar 1 2014,TEUSAQUILLO,9050
Mar 1 2014,TUNJUELITO,7012
Mar 1 2014,USAQUEN,19265
Mar 1 2014,USME,10015
Mar 1 2015,ANTONIO NARINO,5344
Mar 1 2015,BARRIOS UNIDOS,9068
Mar 1 2015,BOSA,15993
Mar 1 2015,CANDELARIA,1808
Mar 1 2015,CHAPINERO,13166
Mar 1 2015,CIUDAD BOLIVAR,17253
Mar 1 2015,ENGATIVA,28591
Mar 1 2015,FONTIBON,13150
Mar 1 2015,KENNEDY,32256
Mar 1 2015,LOS MARTIRES,7060
Mar 1 2015,PUENTE ARANDA,12312
Mar 1 2015,RAFAEL URIBE URIBE,13820
Mar 1 2015,SAN CRISTOBAL,13943
Mar 1 2015,SANTA FE,8738
Mar 1 2015,SIN LOCALIZACION,924
Mar 1 2015,SUBA,32295
Mar 1 2015,TEUSAQUILLO,9928
Mar 1 2015,TUNJUELITO,7183
Mar 1 2015,USAQUEN,19500
Mar 1 2015,USME,9317
Mar 1 2016,ANTONIO NARINO,5664
Mar 1 2016,BARRIOS UNIDOS,9961
Mar 1 2016,BOSA,18429
Mar 1 2016,CANDELARIA,2295
Mar 1 2016,CHAPINERO,12866
Mar 1 2016,CIUDAD BOLIVAR,19099
Mar 1 2016,ENGATIVA,30315
Mar 1 2016,FONTIBON,14311
Mar 1 2016,KENNEDY,35568
Mar 1 2016,LOS MARTIRES,7547
Mar 1 2016,PUENTE ARANDA,13129
Mar 1 2016,RAFAEL URIBE URIBE,14694
Mar 1 2016,SAN CRISTOBAL,14696
Mar 1 2016,SANTA FE,9736
Mar 1 2016,SIN LOCALIZACION,786
Mar 1 2016,SUBA,34241
Mar 1 2016,TEUSAQUILLO,11310
Mar 1 2016,TUNJUELITO,7352
Mar 1 2016,USAQUEN,22709
Mar 1 2016,USME,10205
Mar 1 2017,ANTONIO NARINO,5110
Mar 1 2017,BARRIOS UNIDOS,9330
Mar 1 2017,BOSA,18317
Mar 1 2017,CANDELARIA,1811
Mar 1 2017,CHAPINERO,13540
Mar 1 2017,CIUDAD BOLIVAR,18841
Mar 1 2017,ENGATIVA,28556
Mar 1 2017,FONTIBON,13201
Mar 1 2017,KENNEDY,35140
Mar 1 2017,LOS MARTIRES,7012
Mar 1 2017,PUENTE ARANDA,11485
Mar 1 2017,RAFAEL URIBE URIBE,12801
Mar 1 2017,SAN CRISTOBAL,11902
Mar 1 2017,SANTA FE,7767
Mar 1 2017,SIN LOCALIZACION,1357
Mar 1 2017,SUBA,33426
Mar 1 2017,TEUSAQUILLO,10076
Mar 1 2017,TUNJUELITO,6848
Mar 1 2017,USAQUEN,21286
Mar 1 2017,USME,8933
Mar 1 2018,ANTONIO NARINO,4607
Mar 1 2018,BARRIOS UNIDOS,8385
Mar 1 2018,BOSA,18228
Mar 1 2018,CANDELARIA,1693
Mar 1 2018,CHAPINERO,11625
Mar 1 2018,CIUDAD BOLIVAR,18599
Mar 1 2018,ENGATIVA,26651
Mar 1 2018,FONTIBON,11695
Mar 1 2018,KENNEDY,33331
Mar 1 2018,LOS MARTIRES,6264
Mar 1 2018,PUENTE ARANDA,10958
Mar 1 2018,RAFAEL URIBE URIBE,12915
Mar 1 2018,SAN CRISTOBAL,12337
Mar 1 2018,SANTA FE,7208
Mar 1 2018,SIN LOCALIZACION,1046
Mar 1 2018,SUBA,33768
Mar 1 2018,TEUSAQUILLO,9236
Mar 1 2018,TUNJUELITO,6789
Mar 1 2018,USAQUEN,20951
Mar 1 2018,USME,8681
Mar 1 2019,ANTONIO NARINO,4351
Mar 1 2019,BARRIOS UNIDOS,7872
Mar 1 2019,BOSA,17781
Mar 1 2019,CANDELARIA,1598
Mar 1 2019,CHAPINERO,11508
Mar 1 2019,CIUDAD BOLIVAR,17086
Mar 1 2019,ENGATIVA,27054
Mar 1 2019,FONTIBON,11987
Mar 1 2019,KENNEDY,31999
Mar 1 2019,LOS MARTIRES,6127
Mar 1 2019,PUENTE ARANDA,10302
Mar 1 2019,RAFAEL URIBE URIBE,12161
Mar 1 2019,SAN CRISTOBAL,12522
Mar 1 2019,SANTA FE,6613
Mar 1 2019,SIN LOCALIZACION,594
Mar 1 2019,SUBA,33267
Mar 1 2019,TEUSAQUILLO,7664
Mar 1 2019,TUNJUELITO,6071
Mar 1 2019,USAQUEN,18893
Mar 1 2019,USME,7668
May 1 2014,ANTONIO NARINO,4375
May 1 2014,BARRIOS UNIDOS,9040
May 1 2014,BOSA,15134
May 1 2014,CANDELARIA,1547
May 1 2014,CHAPINERO,12612
May 1 2014,CIUDAD BOLIVAR,15833
May 1 2014,ENGATIVA,27383
May 1 2014,FONTIBON,12537
May 1 2014,KENNEDY,29777
May 1 2014,LOS MARTIRES,6506
May 1 2014,PUENTE ARANDA,10743
May 1 2014,RAFAEL URIBE URIBE,12537
May 1 2014,SAN CRISTOBAL,12524
May 1 2014,SANTA FE,7706
May 1 2014,SIN LOCALIZACION,2591
May 1 2014,SUBA,29348
May 1 2014,TEUSAQUILLO,8824
May 1 2014,TUNJUELITO,6520
May 1 2014,USAQUEN,17431
May 1 2014,USME,9172
May 1 2015,ANTONIO NARINO,5491
May 1 2015,BARRIOS UNIDOS,9732
May 1 2015,BOSA,18372
May 1 2015,CANDELARIA,1772
May 1 2015,CHAPINERO,12860
May 1 2015,CIUDAD BOLIVAR,19646
May 1 2015,ENGATIVA,30277
May 1 2015,FONTIBON,14099
May 1 2015,KENNEDY,35598
May 1 2015,LOS MARTIRES,7466
May 1 2015,PUENTE ARANDA,13016
May 1 2015,RAFAEL URIBE URIBE,15312
May 1 2015,SAN CRISTOBAL,14297
May 1 2015,SANTA FE,8911
May 1 2015,SIN LOCALIZACION,978
May 1 2015,SUBA,34542
May 1 2015,TEUSAQUILLO,10036
May 1 2015,TUNJUELITO,8393
May 1 2015,USAQUEN,19467
May 1 2015,USME,10138
May 1 2016,ANTONIO NARINO,5551
May 1 2016,BARRIOS UNIDOS,9664
May 1 2016,BOSA,18739
May 1 2016,CANDELARIA,1927
May 1 2016,CHAPINERO,13992
May 1 2016,CIUDAD BOLIVAR,19358
May 1 2016,ENGATIVA,30704
May 1 2016,FONTIBON,13805
May 1 2016,KENNEDY,36351
May 1 2016,LOS MARTIRES,8106
May 1 2016,PUENTE ARANDA,12471
May 1 2016,RAFAEL URIBE URIBE,14257
May 1 2016,SAN CRISTOBAL,13617
May 1 2016,SANTA FE,8930
May 1 2016,SIN LOCALIZACION,802
May 1 2016,SUBA,37288
May 1 2016,TEUSAQUILLO,10608
May 1 2016,TUNJUELITO,7655
May 1 2016,USAQUEN,21528
May 1 2016,USME,10164
May 1 2017,ANTONIO NARINO,4767
May 1 2017,BARRIOS UNIDOS,9211
May 1 2017,BOSA,18230
May 1 2017,CANDELARIA,1867
May 1 2017,CHAPINERO,13244
May 1 2017,CIUDAD BOLIVAR,18439
May 1 2017,ENGATIVA,26163
May 1 2017,FONTIBON,12048
May 1 2017,KENNEDY,34280
May 1 2017,LOS MARTIRES,7237
May 1 2017,PUENTE ARANDA,12150
May 1 2017,RAFAEL URIBE URIBE,12508
May 1 2017,SAN CRISTOBAL,12350
May 1 2017,SANTA FE,7903
May 1 2017,SIN LOCALIZACION,672
May 1 2017,SUBA,33621
May 1 2017,TEUSAQUILLO,9934
May 1 2017,TUNJUELITO,6918
May 1 2017,USAQUEN,21142
May 1 2017,USME,8917
May 1 2018,ANTONIO NARINO,4754
May 1 2018,BARRIOS UNIDOS,8174
May 1 2018,BOSA,16492
May 1 2018,CANDELARIA,1715
May 1 2018,CHAPINERO,11197
May 1 2018,CIUDAD BOLIVAR,17802
May 1 2018,ENGATIVA,24490
May 1 2018,FONTIBON,11571
May 1 2018,KENNEDY,30429
May 1 2018,LOS MARTIRES,5705
May 1 2018,PUENTE ARANDA,11022
May 1 2018,RAFAEL URIBE URIBE,12214
May 1 2018,SAN CRISTOBAL,11954
May 1 2018,SANTA FE,7258
May 1 2018,SIN LOCALIZACION,584
May 1 2018,SUBA,32681
May 1 2018,TEUSAQUILLO,8700
May 1 2018,TUNJUELITO,6314
May 1 2018,USAQUEN,19565
May 1 2018,USME,7980
May 1 2019,ANTONIO NARINO,4173
May 1 2019,BARRIOS UNIDOS,7769
May 1 2019,BOSA,16423
May 1 2019,CANDELARIA,1443
May 1 2019,CHAPINERO,10756
May 1 2019,CIUDAD BOLIVAR,16337
May 1 2019,ENGATIVA,24819
May 1 2019,FONTIBON,11076
May 1 2019,KENNEDY,29085
May 1 2019,LOS MARTIRES,6089
May 1 2019,PUENTE ARANDA,10107
May 1 2019,RAFAEL URIBE URIBE,11181
May 1 2019,SAN CRISTOBAL,12000
May 1 2019,SANTA FE,6565
May 1 2019,SIN LOCALIZACION,1566
May 1 2019,SUBA,30653
May 1 2019,TEUSAQUILLO,7707
May 1 2019,TUNJUELITO,5364
May 1 2019,USAQUEN,17283
May 1 2019,USME,6947
Nov 1 2014,ANTONIO NARINO,5033
Nov 1 2014,BARRIOS UNIDOS,9246
Nov 1 2014,BOSA,16157
Nov 1 2014,CANDELARIA,1717
Nov 1 2014,CHAPINERO,13238
Nov 1 2014,CIUDAD BOLIVAR,16320
Nov 1 2014,ENGATIVA,30915
Nov 1 2014,FONTIBON,13672
Nov 1 2014,KENNEDY,32437
Nov 1 2014,LOS MARTIRES,7188
Nov 1 2014,PUENTE ARANDA,12747
Nov 1 2014,RAFAEL URIBE URIBE,14038
Nov 1 2014,SAN CRISTOBAL,14138
Nov 1 2014,SANTA FE,8584
Nov 1 2014,SIN LOCALIZACION,2264
Nov 1 2014,SUBA,32680
Nov 1 2014,TEUSAQUILLO,9333
Nov 1 2014,TUNJUELITO,7166
Nov 1 2014,USAQUEN,19305
Nov 1 2014,USME,9997
Nov 1 2015,ANTONIO NARINO,5883
Nov 1 2015,BARRIOS UNIDOS,10898
Nov 1 2015,BOSA,18146
Nov 1 2015,CANDELARIA,1941
Nov 1 2015,CHAPINERO,13838
Nov 1 2015,CIUDAD BOLIVAR,19641
Nov 1 2015,ENGATIVA,30538
Nov 1 2015,FONTIBON,15054
Nov 1 2015,KENNEDY,35734
Nov 1 2015,LOS MARTIRES,7327
Nov 1 2015,PUENTE ARANDA,12968
Nov 1 2015,RAFAEL URIBE URIBE,14066
Nov 1 2015,SAN CRISTOBAL,13998
Nov 1 2015,SANTA FE,8993
Nov 1 2015,SIN LOCALIZACION,1147
Nov 1 2015,SUBA,34399
Nov 1 2015,TEUSAQUILLO,10878
Nov 1 2015,TUNJUELITO,8318
Nov 1 2015,USAQUEN,21595
Nov 1 2015,USME,9692
Nov 1 2016,ANTONIO NARINO,4676
Nov 1 2016,BARRIOS UNIDOS,9485
Nov 1 2016,BOSA,14829
Nov 1 2016,CANDELARIA,1812
Nov 1 2016,CHAPINERO,13728
Nov 1 2016,CIUDAD BOLIVAR,14210
Nov 1 2016,ENGATIVA,24672
Nov 1 2016,FONTIBON,12603
Nov 1 2016,KENNEDY,29858
Nov 1 2016,LOS MARTIRES,7238
Nov 1 2016,PUENTE ARANDA,10883
Nov 1 2016,RAFAEL URIBE URIBE,11663
Nov 1 2016,SAN CRISTOBAL,10229
Nov 1 2016,SANTA FE,8046
Nov 1 2016,SIN LOCALIZACION,53901
Nov 1 2016,SUBA,32918
Nov 1 2016,TEUSAQUILLO,9467
Nov 1 2016,TUNJUELITO,6107
Nov 1 2016,USAQUEN,19539
Nov 1 2016,USME,6346
Nov 1 2017,ANTONIO NARINO,4759
Nov 1 2017,BARRIOS UNIDOS,8913
Nov 1 2017,BOSA,16946
Nov 1 2017,CANDELARIA,1866
Nov 1 2017,CHAPINERO,12735
Nov 1 2017,CIUDAD BOLIVAR,17644
Nov 1 2017,ENGATIVA,25940
Nov 1 2017,FONTIBON,11705
Nov 1 2017,KENNEDY,33826
Nov 1 2017,LOS MARTIRES,7368
Nov 1 2017,PUENTE ARANDA,11505
Nov 1 2017,RAFAEL URIBE URIBE,12069
Nov 1 2017,SAN CRISTOBAL,12207
Nov 1 2017,SANTA FE,7676
Nov 1 2017,SIN LOCALIZACION,719
Nov 1 2017,SUBA,33378
Nov 1 2017,TEUSAQUILLO,9101
Nov 1 2017,TUNJUELITO,6685
Nov 1 2017,USAQUEN,20166
Nov 1 2017,USME,8268
Nov 1 2018,ANTONIO NARINO,4218
Nov 1 2018,BARRIOS UNIDOS,7729
Nov 1 2018,BOSA,16355
Nov 1 2018,CANDELARIA,1509
Nov 1 2018,CHAPINERO,10769
Nov 1 2018,CIUDAD BOLIVAR,16743
Nov 1 2018,ENGATIVA,25435
Nov 1 2018,FONTIBON,11516
Nov 1 2018,KENNEDY,29551
Nov 1 2018,LOS MARTIRES,6283
Nov 1 2018,PUENTE ARANDA,10647
Nov 1 2018,RAFAEL URIBE URIBE,11548
Nov 1 2018,SAN CRISTOBAL,10869
Nov 1 2018,SANTA FE,6700
Nov 1 2018,SIN LOCALIZACION,550
Nov 1 2018,SUBA,31526
Nov 1 2018,TEUSAQUILLO,7680
Nov 1 2018,TUNJUELITO,5892
Nov 1 2018,USAQUEN,17802
Nov 1 2018,USME,7700
Oct 1 2014,ANTONIO NARINO,4800
Oct 1 2014,BARRIOS UNIDOS,9295
Oct 1 2014,BOSA,15710
Oct 1 2014,CANDELARIA,1620
Oct 1 2014,CHAPINERO,13595
Oct 1 2014,CIUDAD BOLIVAR,16081
Oct 1 2014,ENGATIVA,28406
Oct 1 2014,FONTIBON,12387
Oct 1 2014,KENNEDY,30586
Oct 1 2014,LOS MARTIRES,7376
Oct 1 2014,PUENTE ARANDA,12164
Oct 1 2014,RAFAEL URIBE URIBE,12794
Oct 1 2014,SAN CRISTOBAL,12820
Oct 1 2014,SANTA FE,8054
Oct 1 2014,SIN LOCALIZACION,2552
Oct 1 2014,SUBA,30971
Oct 1 2014,TEUSAQUILLO,8966
Oct 1 2014,TUNJUELITO,6913
Oct 1 2014,USAQUEN,19098
Oct 1 2014,USME,9322
Oct 1 2015,ANTONIO NARINO,6787
Oct 1 2015,BARRIOS UNIDOS,10340
Oct 1 2015,BOSA,18059
Oct 1 2015,CANDELARIA,2182
Oct 1 2015,CHAPINERO,14164
Oct 1 2015,CIUDAD BOLIVAR,18471
Oct 1 2015,ENGATIVA,30516
Oct 1 2015,FONTIBON,14452
Oct 1 2015,KENNEDY,36792
Oct 1 2015,LOS MARTIRES,8603
Oct 1 2015,PUENTE ARANDA,14150
Oct 1 2015,RAFAEL URIBE URIBE,13668
Oct 1 2015,SAN CRISTOBAL,14354
Oct 1 2015,SANTA FE,10039
Oct 1 2015,SIN LOCALIZACION,1053
Oct 1 2015,SUBA,34155
Oct 1 2015,TEUSAQUILLO,11057
Oct 1 2015,TUNJUELITO,9094
Oct 1 2015,USAQUEN,21918
Oct 1 2015,USME,10672
Oct 1 2016,ANTONIO NARINO,4621
Oct 1 2016,BARRIOS UNIDOS,9448
Oct 1 2016,BOSA,16100
Oct 1 2016,CANDELARIA,2146
Oct 1 2016,CHAPINERO,14233
Oct 1 2016,CIUDAD BOLIVAR,14839
Oct 1 2016,ENGATIVA,26894
Oct 1 2016,FONTIBON,12827
Oct 1 2016,KENNEDY,31754
Oct 1 2016,LOS MARTIRES,7301
Oct 1 2016,PUENTE ARANDA,11705
Oct 1 2016,RAFAEL URIBE URIBE,11184
Oct 1 2016,SAN CRISTOBAL,10774
Oct 1 2016,SANTA FE,8999
Oct 1 2016,SIN LOCALIZACION,64145
Oct 1 2016,SUBA,33866
Oct 1 2016,TEUSAQUILLO,9216
Oct 1 2016,TUNJUELITO,6549
Oct 1 2016,USAQUEN,19237
Oct 1 2016,USME,6415
Oct 1 2017,ANTONIO NARINO,5048
Oct 1 2017,BARRIOS UNIDOS,8562
Oct 1 2017,BOSA,17793
Oct 1 2017,CANDELARIA,1891
Oct 1 2017,CHAPINERO,12333
Oct 1 2017,CIUDAD BOLIVAR,18530
Oct 1 2017,ENGATIVA,26865
Oct 1 2017,FONTIBON,12041
Oct 1 2017,KENNEDY,35403
Oct 1 2017,LOS MARTIRES,7508
Oct 1 2017,PUENTE ARANDA,12210
Oct 1 2017,RAFAEL URIBE URIBE,12474
Oct 1 2017,SAN CRISTOBAL,12710
Oct 1 2017,SANTA FE,8365
Oct 1 2017,SIN LOCALIZACION,581
Oct 1 2017,SUBA,34490
Oct 1 2017,TEUSAQUILLO,9220
Oct 1 2017,TUNJUELITO,6586
Oct 1 2017,USAQUEN,19960
Oct 1 2017,USME,8326
Oct 1 2018,ANTONIO NARINO,4613
Oct 1 2018,BARRIOS UNIDOS,7725
Oct 1 2018,BOSA,16621
Oct 1 2018,CANDELARIA,1719
Oct 1 2018,CHAPINERO,10546
Oct 1 2018,CIUDAD BOLIVAR,16621
Oct 1 2018,ENGATIVA,25825
Oct 1 2018,FONTIBON,11975
Oct 1 2018,KENNEDY,31007
Oct 1 2018,LOS MARTIRES,6455
Oct 1 2018,PUENTE ARANDA,11286
Oct 1 2018,RAFAEL URIBE URIBE,12051
Oct 1 2018,SAN CRISTOBAL,11402
Oct 1 2018,SANTA FE,6899
Oct 1 2018,SIN LOCALIZACION,685
Oct 1 2018,SUBA,32009
Oct 1 2018,TEUSAQUILLO,8053
Oct 1 2018,TUNJUELITO,5730
Oct 1 2018,USAQUEN,18533
Oct 1 2018,USME,7656
Sep 1 2014,ANTONIO NARINO,4451
Sep 1 2014,BARRIOS UNIDOS,8600
Sep 1 2014,BOSA,15226
Sep 1 2014,CANDELARIA,1471
Sep 1 2014,CHAPINERO,12349
Sep 1 2014,CIUDAD BOLIVAR,15456
Sep 1 2014,ENGATIVA,26635
Sep 1 2014,FONTIBON,11573
Sep 1 2014,KENNEDY,30242
Sep 1 2014,LOS MARTIRES,6201
Sep 1 2014,PUENTE ARANDA,11302
Sep 1 2014,RAFAEL URIBE URIBE,12883
Sep 1 2014,SAN CRISTOBAL,12160
Sep 1 2014,SANTA FE,7506
Sep 1 2014,SIN LOCALIZACION,1949
Sep 1 2014,SUBA,29243
Sep 1 2014,TEUSAQUILLO,8591
Sep 1 2014,TUNJUELITO,6737
Sep 1 2014,USAQUEN,17417
Sep 1 2014,USME,8845
Sep 1 2015,ANTONIO NARINO,5990
Sep 1 2015,BARRIOS UNIDOS,9994
Sep 1 2015,BOSA,19295
Sep 1 2015,CANDELARIA,2179
Sep 1 2015,CHAPINERO,14040
Sep 1 2015,CIUDAD BOLIVAR,17916
Sep 1 2015,ENGATIVA,31797
Sep 1 2015,FONTIBON,14812
Sep 1 2015,KENNEDY,37258
Sep 1 2015,LOS MARTIRES,8009
Sep 1 2015,PUENTE ARANDA,14402
Sep 1 2015,RAFAEL URIBE URIBE,13563
Sep 1 2015,SAN CRISTOBAL,14277
Sep 1 2015,SANTA FE,9337
Sep 1 2015,SIN LOCALIZACION,931
Sep 1 2015,SUBA,34457
Sep 1 2015,TEUSAQUILLO,10685
Sep 1 2015,TUNJUELITO,7944
Sep 1 2015,USAQUEN,21088
Sep 1 2015,USME,9645
Sep 1 2016,ANTONIO NARINO,4706
Sep 1 2016,BARRIOS UNIDOS,8510
Sep 1 2016,BOSA,14208
Sep 1 2016,CANDELARIA,1738
Sep 1 2016,CHAPINERO,13395
Sep 1 2016,CIUDAD BOLIVAR,13153
Sep 1 2016,ENGATIVA,23596
Sep 1 2016,FONTIBON,11926
Sep 1 2016,KENNEDY,29015
Sep 1 2016,LOS MARTIRES,7486
Sep 1 2016,PUENTE ARANDA,10804
Sep 1 2016,RAFAEL URIBE URIBE,10257
Sep 1 2016,SAN CRISTOBAL,10128
Sep 1 2016,SANTA FE,8817
Sep 1 2016,SIN LOCALIZACION,59343
Sep 1 2016,SUBA,29974
Sep 1 2016,TEUSAQUILLO,9509
Sep 1 2016,TUNJUELITO,5673
Sep 1 2016,USAQUEN,18081
Sep 1 2016,USME,5540
Sep 1 2017,ANTONIO NARINO,4482
Sep 1 2017,BARRIOS UNIDOS,8307
Sep 1 2017,BOSA,17462
Sep 1 2017,CANDELARIA,1652
Sep 1 2017,CHAPINERO,11514
Sep 1 2017,CIUDAD BOLIVAR,17945
Sep 1 2017,ENGATIVA,26478
Sep 1 2017,FONTIBON,11491
Sep 1 2017,KENNEDY,33295
Sep 1 2017,LOS MARTIRES,6890
Sep 1 2017,PUENTE ARANDA,11506
Sep 1 2017,RAFAEL URIBE URIBE,11735
Sep 1 2017,SAN CRISTOBAL,11996
Sep 1 2017,SANTA FE,7294
Sep 1 2017,SIN LOCALIZACION,664
Sep 1 2017,SUBA,31928
Sep 1 2017,TEUSAQUILLO,8722
Sep 1 2017,TUNJUELITO,5776
Sep 1 2017,USAQUEN,18915
Sep 1 2017,USME,7844
Sep 1 2018,ANTONIO NARINO,4600
Sep 1 2018,BARRIOS UNIDOS,7829
Sep 1 2018,BOSA,17837
Sep 1 2018,CANDELARIA,1636
Sep 1 2018,CHAPINERO,10503
Sep 1 2018,CIUDAD BOLIVAR,18210
Sep 1 2018,ENGATIVA,25637
Sep 1 2018,FONTIBON,11311
Sep 1 2018,KENNEDY,32382
Sep 1 2018,LOS MARTIRES,6294
Sep 1 2018,PUENTE ARANDA,11408
Sep 1 2018,RAFAEL URIBE URIBE,12212
Sep 1 2018,SAN CRISTOBAL,11590
Sep 1 2018,SANTA FE,7020
Sep 1 2018,SIN LOCALIZACION,641
Sep 1 2018,SUBA,33123
Sep 1 2018,TEUSAQUILLO,8020
Sep 1 2018,TUNJUELITO,6045
Sep 1 2018,USAQUEN,18653
Sep 1 2018,USME,7669
Sep 1 2019,ANTONIO NARINO,3989
Sep 1 2019,BARRIOS UNIDOS,7802
Sep 1 2019,BOSA,16974
Sep 1 2019,CANDELARIA,1410
Sep 1 2019,CHAPINERO,10698
Sep 1 2019,CIUDAD BOLIVAR,16709
Sep 1 2019,ENGATIVA,23767
Sep 1 2019,FONTIBON,11508
Sep 1 2019,KENNEDY,29385
Sep 1 2019,LOS MARTIRES,5918
Sep 1 2019,PUENTE ARANDA,10033
Sep 1 2019,RAFAEL URIBE URIBE,11344
Sep 1 2019,SAN CRISTOBAL,12216
Sep 1 2019,SANTA FE,6687
Sep 1 2019,SIN LOCALIZACION,2054
Sep 1 2019,SUBA,30056
Sep 1 2019,TEUSAQUILLO,7763
Sep 1 2019,TUNJUELITO,5485
Sep 1 2019,USAQUEN,16025
Sep 1 2019,USME,6870
