FECHA;INCIDENTE;CANT_INCIDENTES
Apr 1 2014;RESTOS HUMANOS;11
Apr 1 2014;ABORTO;12
Apr 1 2014;DESLIZAMIENTO;12
Apr 1 2014;INCENDIO CON MATPEL;21
Apr 1 2014;INCIDENTE RESCATE ACU쳆ICO;22
Apr 1 2014;ELECTROCUCI흁 / RESCATE;30
Apr 1 2014;AMENAZA DE RUINA;37
Apr 1 2014;QUEMADURAS;72
Apr 1 2014;VEH펚ULO RECUPERADO;96
Apr 1 2014;MENOR EN ESTABLECIMIENTO MAYORES;101
Apr 1 2014;FUGA DE PRESOS;110
Apr 1 2014;HALLAZGO DE EXPLOSIVOS;134
Apr 1 2014;EXPLOSI흁;179
Apr 1 2015;ACCI흁 SUBVERSIVA;1
Apr 1 2015;SISMO;1
Apr 1 2015;SANGRADO VAGINAL;4
Apr 1 2015;DESLIZAMIENTO;6
Apr 1 2015;PREVENCI흁;8
Apr 1 2015;INCIDENTE RESCATE ACU쳆ICO;9
Apr 1 2015;RESTOS HUMANOS;9
Apr 1 2015;RESCATES MONTA헤;10
Apr 1 2015;ABORTO;16
Apr 1 2015;ELECTROCUCI흁 / RESCATE;21
Apr 1 2015;INCENDIO CON MATPEL;38
Apr 1 2015;AMENAZA DE RUINA;43
Apr 1 2015;QUEMADURAS;57
Apr 1 2015;VEH펚ULO RECUPERADO;85
Apr 1 2015;EXPLOSI흁;98
Apr 1 2015;FUGA DE PRESOS;103
Apr 1 2015;MENOR EN ESTABLECIMIENTO MAYORES;118
Apr 1 2015;HALLAZGO DE EXPLOSIVOS;126
Apr 1 2016;DESARME;1
Apr 1 2016;ABORTO;2
Apr 1 2016;SISMO;3
Apr 1 2016;PREVENCI흁;4
Apr 1 2016;RESCATES MONTA헤;4
Apr 1 2016;ACCI흁 SUBVERSIVA;5
Apr 1 2016;RESTOS HUMANOS;15
Apr 1 2016;INCENDIO CON MATPEL;39
Apr 1 2016;INCIDENTE RESCATE ACU쳆ICO;40
Apr 1 2016;ELECTROCUCI흁 / RESCATE;57
Apr 1 2016;DESLIZAMIENTO;61
Apr 1 2016;SANGRADO VAGINAL;94
Apr 1 2016;VEH펚ULO RECUPERADO;103
Apr 1 2016;FUGA DE PRESOS;109
Apr 1 2016;QUEMADURAS;111
Apr 1 2016;AMENAZA DE RUINA;121
Apr 1 2016;EXPLOSI흁;140
Apr 1 2016;MENOR EN ESTABLECIMIENTO MAYORES;140
Apr 1 2016;HALLAZGO DE EXPLOSIVOS;141
Apr 1 2017;ACCI흁 SUBVERSIVA;1
Apr 1 2017;DESARME;1
Apr 1 2017;SISMO;3
Apr 1 2017;RESCATES MONTA헤;5
Apr 1 2017;ABORTO;7
Apr 1 2017;RESTOS HUMANOS;12
Apr 1 2017;INCENDIO CON MATPEL;13
Apr 1 2017;INCIDENTE RESCATE ACU쳆ICO;17
Apr 1 2017;ELECTROCUCI흁 / RESCATE;26
Apr 1 2017;DESLIZAMIENTO;31
Apr 1 2017;QUEMADURAS;51
Apr 1 2017;AMENAZA DE RUINA;66
Apr 1 2017;SANGRADO VAGINAL;68
Apr 1 2017;EXPLOSI흁;71
Apr 1 2017;VEH펚ULO RECUPERADO;98
Apr 1 2017;MENOR EN ESTABLECIMIENTO MAYORES;120
Apr 1 2017;FUGA DE PRESOS;121
Apr 1 2017;HALLAZGO DE EXPLOSIVOS;130
Apr 1 2018;ABORTO;1
Apr 1 2018;INCENDIO EN AERONAVE;1
Apr 1 2018;RESCATES MONTA헤;3
Apr 1 2018;RESTOS HUMANOS;14
Apr 1 2018;INCENDIO CON MATPEL;27
Apr 1 2018;ELECTROCUCI흁 / RESCATE;31
Apr 1 2018;INCIDENTE RESCATE ACU쳆ICO;42
Apr 1 2018;QUEMADURAS;47
Apr 1 2018;SANGRADO VAGINAL;48
Apr 1 2018;EXPLOSI흁;61
Apr 1 2018;HALLAZGO DE EXPLOSIVOS;85
Apr 1 2018;AMENAZA DE RUINA;106
Apr 1 2018;MENOR EN ESTABLECIMIENTO MAYORES;106
Apr 1 2018;DESLIZAMIENTO;112
Apr 1 2018;VEH펚ULO RECUPERADO;127
Apr 1 2018;FUGA DE PRESOS;154
Apr 1 2019;DESARME;1
Apr 1 2019;INCENDIO EN AERONAVE;1
Apr 1 2019;ABORTO;3
Apr 1 2019;ACCI흁 SUBVERSIVA;5
Apr 1 2019;INCENDIO CON MATPEL;6
Apr 1 2019;RESTOS HUMANOS;15
Apr 1 2019;ELECTROCUCI흁 / RESCATE;23
Apr 1 2019;EXPLOSI흁;31
Apr 1 2019;INCIDENTE RESCATE ACU쳆ICO;34
Apr 1 2019;QUEMADURAS;39
Apr 1 2019;RESCATES MONTA헤;39
Apr 1 2019;SANGRADO VAGINAL;60
Apr 1 2019;DESLIZAMIENTO;91
Apr 1 2019;MENOR EN ESTABLECIMIENTO MAYORES;93
Apr 1 2019;HALLAZGO DE EXPLOSIVOS;94
Apr 1 2019;AMENAZA DE RUINA;97
Apr 1 2019;VEH펚ULO RECUPERADO;101
Apr 1 2019;FUGA DE PRESOS;111
Aug 1 2014;ACCI흁 SUBVERSIVA;1
Aug 1 2014;DESARME;1
Aug 1 2014;RESCATES MONTA헤;5
Aug 1 2014;ABORTO;7
Aug 1 2014;RESTOS HUMANOS;11
Aug 1 2014;DESLIZAMIENTO;18
Aug 1 2014;INCIDENTE RESCATE ACU쳆ICO;22
Aug 1 2014;INCENDIO CON MATPEL;30
Aug 1 2014;AMENAZA DE RUINA;38
Aug 1 2014;ELECTROCUCI흁 / RESCATE;43
Aug 1 2014;QUEMADURAS;77
Aug 1 2014;EXPLOSI흁;93
Aug 1 2014;VEH펚ULO RECUPERADO;101
Aug 1 2014;FUGA DE PRESOS;108
Aug 1 2014;MENOR EN ESTABLECIMIENTO MAYORES;108
Aug 1 2014;HALLAZGO DE EXPLOSIVOS;188
Aug 1 2015;DESARME;1
Aug 1 2015;SANGRADO VAGINAL;1
Aug 1 2015;ACCIDENTE DE AVIACI흁;2
Aug 1 2015;RESCATES MONTA헤;3
Aug 1 2015;ACCI흁 SUBVERSIVA;4
Aug 1 2015;SISMO;4
Aug 1 2015;PREVENCI흁;8
Aug 1 2015;ABORTO;14
Aug 1 2015;RESTOS HUMANOS;15
Aug 1 2015;DESLIZAMIENTO;20
Aug 1 2015;INCIDENTE RESCATE ACU쳆ICO;30
Aug 1 2015;ELECTROCUCI흁 / RESCATE;34
Aug 1 2015;AMENAZA DE RUINA;42
Aug 1 2015;INCENDIO CON MATPEL;65
Aug 1 2015;FUGA DE PRESOS;95
Aug 1 2015;QUEMADURAS;96
Aug 1 2015;EXPLOSI흁;108
Aug 1 2015;VEH펚ULO RECUPERADO;110
Aug 1 2015;HALLAZGO DE EXPLOSIVOS;149
Aug 1 2015;MENOR EN ESTABLECIMIENTO MAYORES;152
Aug 1 2016;ACCI흁 SUBVERSIVA;1
Aug 1 2016;ABORTO;2
Aug 1 2016;RESCATES MONTA헤;6
Aug 1 2016;PREVENCI흁;8
Aug 1 2016;RESTOS HUMANOS;9
Aug 1 2016;INCENDIO CON MATPEL;17
Aug 1 2016;DESLIZAMIENTO;20
Aug 1 2016;INCIDENTE RESCATE ACU쳆ICO;34
Aug 1 2016;ELECTROCUCI흁 / RESCATE;48
Aug 1 2016;SANGRADO VAGINAL;83
Aug 1 2016;VEH펚ULO RECUPERADO;109
Aug 1 2016;FUGA DE PRESOS;116
Aug 1 2016;HALLAZGO DE EXPLOSIVOS;117
Aug 1 2016;QUEMADURAS;124
Aug 1 2016;MENOR EN ESTABLECIMIENTO MAYORES;130
Aug 1 2016;EXPLOSI흁;151
Aug 1 2016;AMENAZA DE RUINA;175
Aug 1 2017;ABORTO;1
Aug 1 2017;SISMO;1
Aug 1 2017;RESCATES MONTA헤;4
Aug 1 2017;DESLIZAMIENTO;11
Aug 1 2017;RESTOS HUMANOS;15
Aug 1 2017;INCENDIO CON MATPEL;19
Aug 1 2017;INCIDENTE RESCATE ACU쳆ICO;19
Aug 1 2017;ELECTROCUCI흁 / RESCATE;32
Aug 1 2017;AMENAZA DE RUINA;45
Aug 1 2017;QUEMADURAS;47
Aug 1 2017;EXPLOSI흁;66
Aug 1 2017;SANGRADO VAGINAL;72
Aug 1 2017;MENOR EN ESTABLECIMIENTO MAYORES;106
Aug 1 2017;VEH펚ULO RECUPERADO;118
Aug 1 2017;FUGA DE PRESOS;130
Aug 1 2017;HALLAZGO DE EXPLOSIVOS;187
Aug 1 2018;DESARME;1
Aug 1 2018;RESCATES MONTA헤;2
Aug 1 2018;ABORTO;3
Aug 1 2018;SISMO;4
Aug 1 2018;DESLIZAMIENTO;10
Aug 1 2018;INCENDIO CON MATPEL;14
Aug 1 2018;INCIDENTE RESCATE ACU쳆ICO;14
Aug 1 2018;RESTOS HUMANOS;16
Aug 1 2018;QUEMADURAS;43
Aug 1 2018;ELECTROCUCI흁 / RESCATE;45
Aug 1 2018;SANGRADO VAGINAL;45
Aug 1 2018;EXPLOSI흁;57
Aug 1 2018;MENOR EN ESTABLECIMIENTO MAYORES;86
Aug 1 2018;AMENAZA DE RUINA;108
Aug 1 2018;HALLAZGO DE EXPLOSIVOS;116
Aug 1 2018;VEH펚ULO RECUPERADO;116
Aug 1 2018;FUGA DE PRESOS;141
Aug 1 2019;ABORTO;2
Aug 1 2019;ACCI흁 SUBVERSIVA;3
Aug 1 2019;RESCATES MONTA헤;6
Aug 1 2019;ELECTROCUCI흁 / RESCATE;7
Aug 1 2019;RESTOS HUMANOS;13
Aug 1 2019;INCENDIO CON MATPEL;22
Aug 1 2019;INCIDENTE RESCATE ACU쳆ICO;29
Aug 1 2019;QUEMADURAS;32
Aug 1 2019;EXPLOSI흁;38
Aug 1 2019;DESLIZAMIENTO;52
Aug 1 2019;SANGRADO VAGINAL;56
Aug 1 2019;AMENAZA DE RUINA;60
Aug 1 2019;HALLAZGO DE EXPLOSIVOS;82
Aug 1 2019;VEH펚ULO RECUPERADO;88
Aug 1 2019;MENOR EN ESTABLECIMIENTO MAYORES;103
Aug 1 2019;FUGA DE PRESOS;111
Dec 1 2014;ACCI흁 SUBVERSIVA;2
Dec 1 2014;SISMO;6
Dec 1 2014;PREVENCI흁;10
Dec 1 2014;RESCATES MONTA헤;10
Dec 1 2014;ABORTO;12
Dec 1 2014;RESTOS HUMANOS;19
Dec 1 2014;INCIDENTE RESCATE ACU쳆ICO;24
Dec 1 2014;ELECTROCUCI흁 / RESCATE;44
Dec 1 2014;INCENDIO CON MATPEL;54
Dec 1 2014;DESLIZAMIENTO;56
Dec 1 2014;AMENAZA DE RUINA;77
Dec 1 2014;VEH펚ULO RECUPERADO;78
Dec 1 2014;MENOR EN ESTABLECIMIENTO MAYORES;107
Dec 1 2014;FUGA DE PRESOS;109
Dec 1 2014;EXPLOSI흁;111
Dec 1 2014;HALLAZGO DE EXPLOSIVOS;137
Dec 1 2014;QUEMADURAS;163
Dec 1 2015;ACCI흁 SUBVERSIVA;1
Dec 1 2015;SANGRADO VAGINAL;1
Dec 1 2015;RESCATES MONTA헤;2
Dec 1 2015;DESARME;3
Dec 1 2015;INCENDIO EN AERONAVE;4
Dec 1 2015;DESLIZAMIENTO;5
Dec 1 2015;PREVENCI흁;7
Dec 1 2015;RESTOS HUMANOS;15
Dec 1 2015;ABORTO;22
Dec 1 2015;INCIDENTE RESCATE ACU쳆ICO;38
Dec 1 2015;AMENAZA DE RUINA;43
Dec 1 2015;ELECTROCUCI흁 / RESCATE;52
Dec 1 2015;INCENDIO CON MATPEL;60
Dec 1 2015;MENOR EN ESTABLECIMIENTO MAYORES;93
Dec 1 2015;FUGA DE PRESOS;101
Dec 1 2015;VEH펚ULO RECUPERADO;107
Dec 1 2015;EXPLOSI흁;126
Dec 1 2015;HALLAZGO DE EXPLOSIVOS;165
Dec 1 2015;QUEMADURAS;196
Dec 1 2016;ACCIDENTE DE AVIACI흁;1
Dec 1 2016;ABORTO;2
Dec 1 2016;DESARME;2
Dec 1 2016;RESCATES MONTA헤;4
Dec 1 2016;RESTOS HUMANOS;11
Dec 1 2016;DESLIZAMIENTO;14
Dec 1 2016;ELECTROCUCI흁 / RESCATE;17
Dec 1 2016;INCIDENTE RESCATE ACU쳆ICO;21
Dec 1 2016;INCENDIO CON MATPEL;28
Dec 1 2016;AMENAZA DE RUINA;40
Dec 1 2016;SANGRADO VAGINAL;46
Dec 1 2016;EXPLOSI흁;55
Dec 1 2016;QUEMADURAS;80
Dec 1 2016;VEH펚ULO RECUPERADO;105
Dec 1 2016;FUGA DE PRESOS;141
Dec 1 2016;HALLAZGO DE EXPLOSIVOS;143
Dec 1 2016;MENOR EN ESTABLECIMIENTO MAYORES;152
Dec 1 2017;SISMO;1
Dec 1 2017;ABORTO;4
Dec 1 2017;RESCATES MONTA헤;5
Dec 1 2017;RESTOS HUMANOS;5
Dec 1 2017;ELECTROCUCI흁 / RESCATE;11
Dec 1 2017;INCENDIO CON MATPEL;17
Dec 1 2017;INCIDENTE RESCATE ACU쳆ICO;19
Dec 1 2017;DESLIZAMIENTO;26
Dec 1 2017;SANGRADO VAGINAL;31
Dec 1 2017;AMENAZA DE RUINA;43
Dec 1 2017;QUEMADURAS;59
Dec 1 2017;EXPLOSI흁;79
Dec 1 2017;VEH펚ULO RECUPERADO;101
Dec 1 2017;MENOR EN ESTABLECIMIENTO MAYORES;106
Dec 1 2017;HALLAZGO DE EXPLOSIVOS;112
Dec 1 2017;FUGA DE PRESOS;128
Dec 1 2018;ACCI흁 SUBVERSIVA;2
Dec 1 2018;ABORTO;3
Dec 1 2018;RESCATES MONTA헤;4
Dec 1 2018;DESLIZAMIENTO;5
Dec 1 2018;INCIDENTE RESCATE ACU쳆ICO;13
Dec 1 2018;RESTOS HUMANOS;14
Dec 1 2018;ELECTROCUCI흁 / RESCATE;18
Dec 1 2018;INCENDIO CON MATPEL;34
Dec 1 2018;QUEMADURAS;39
Dec 1 2018;SANGRADO VAGINAL;50
Dec 1 2018;AMENAZA DE RUINA;72
Dec 1 2018;HALLAZGO DE EXPLOSIVOS;75
Dec 1 2018;EXPLOSI흁;76
Dec 1 2018;MENOR EN ESTABLECIMIENTO MAYORES;86
Dec 1 2018;VEH펚ULO RECUPERADO;114
Dec 1 2018;FUGA DE PRESOS;122
Feb 1 2014;ACCIDENTE DE AVIACI흁;1
Feb 1 2014;DESARME;1
Feb 1 2014;ACCI흁 SUBVERSIVA;2
Feb 1 2014;SISMO;2
Feb 1 2014;RESCATES MONTA헤;3
Feb 1 2014;RESTOS HUMANOS;13
Feb 1 2014;DESLIZAMIENTO;14
Feb 1 2014;ABORTO;22
Feb 1 2014;INCENDIO CON MATPEL;30
Feb 1 2014;INCIDENTE RESCATE ACU쳆ICO;37
Feb 1 2014;ELECTROCUCI흁 / RESCATE;49
Feb 1 2014;AMENAZA DE RUINA;53
Feb 1 2014;QUEMADURAS;54
Feb 1 2014;VEH펚ULO RECUPERADO;80
Feb 1 2014;EXPLOSI흁;92
Feb 1 2014;HALLAZGO DE EXPLOSIVOS;99
Feb 1 2014;MENOR EN ESTABLECIMIENTO MAYORES;108
Feb 1 2014;FUGA DE PRESOS;123
Feb 1 2015;ACCIDENTE DE AVIACI흁;1
Feb 1 2015;DESARME;1
Feb 1 2015;SANGRADO VAGINAL;1
Feb 1 2015;SISMO;1
Feb 1 2015;DESLIZAMIENTO;2
Feb 1 2015;ACCI흁 SUBVERSIVA;4
Feb 1 2015;RESCATES MONTA헤;4
Feb 1 2015;PREVENCI흁;6
Feb 1 2015;INCENDIO EN AERONAVE;7
Feb 1 2015;INCIDENTE RESCATE ACU쳆ICO;14
Feb 1 2015;RESTOS HUMANOS;15
Feb 1 2015;ABORTO;20
Feb 1 2015;INCENDIO CON MATPEL;23
Feb 1 2015;AMENAZA DE RUINA;25
Feb 1 2015;ELECTROCUCI흁 / RESCATE;36
Feb 1 2015;QUEMADURAS;86
Feb 1 2015;VEH펚ULO RECUPERADO;88
Feb 1 2015;FUGA DE PRESOS;97
Feb 1 2015;MENOR EN ESTABLECIMIENTO MAYORES;106
Feb 1 2015;EXPLOSI흁;138
Feb 1 2015;HALLAZGO DE EXPLOSIVOS;175
Feb 1 2016;SISMO;1
Feb 1 2016;RESCATES MONTA헤;3
Feb 1 2016;PREVENCI흁;4
Feb 1 2016;ACCI흁 SUBVERSIVA;6
Feb 1 2016;RESTOS HUMANOS;9
Feb 1 2016;ABORTO;14
Feb 1 2016;DESLIZAMIENTO;14
Feb 1 2016;INCIDENTE RESCATE ACU쳆ICO;24
Feb 1 2016;ELECTROCUCI흁 / RESCATE;27
Feb 1 2016;INCENDIO CON MATPEL;48
Feb 1 2016;AMENAZA DE RUINA;80
Feb 1 2016;VEH펚ULO RECUPERADO;82
Feb 1 2016;QUEMADURAS;93
Feb 1 2016;HALLAZGO DE EXPLOSIVOS;102
Feb 1 2016;MENOR EN ESTABLECIMIENTO MAYORES;119
Feb 1 2016;EXPLOSI흁;139
Feb 1 2016;FUGA DE PRESOS;139
Feb 1 2017;ABORTO;1
Feb 1 2017;RESCATES MONTA헤;1
Feb 1 2017;ACCI흁 SUBVERSIVA;3
Feb 1 2017;DESLIZAMIENTO;6
Feb 1 2017;INCIDENTE RESCATE ACU쳆ICO;14
Feb 1 2017;RESTOS HUMANOS;14
Feb 1 2017;ELECTROCUCI흁 / RESCATE;16
Feb 1 2017;SISMO;16
Feb 1 2017;INCENDIO CON MATPEL;27
Feb 1 2017;SANGRADO VAGINAL;41
Feb 1 2017;QUEMADURAS;43
Feb 1 2017;AMENAZA DE RUINA;57
Feb 1 2017;VEH펚ULO RECUPERADO;93
Feb 1 2017;FUGA DE PRESOS;128
Feb 1 2017;MENOR EN ESTABLECIMIENTO MAYORES;151
Feb 1 2017;EXPLOSI흁;173
Feb 1 2017;HALLAZGO DE EXPLOSIVOS;202
Feb 1 2018;DESARME;1
Feb 1 2018;RESCATES MONTA헤;2
Feb 1 2018;ACCI흁 SUBVERSIVA;3
Feb 1 2018;ABORTO;4
Feb 1 2018;RESTOS HUMANOS;10
Feb 1 2018;INCENDIO CON MATPEL;11
Feb 1 2018;DESLIZAMIENTO;12
Feb 1 2018;INCIDENTE RESCATE ACU쳆ICO;27
Feb 1 2018;AMENAZA DE RUINA;47
Feb 1 2018;QUEMADURAS;51
Feb 1 2018;SANGRADO VAGINAL;56
Feb 1 2018;ELECTROCUCI흁 / RESCATE;66
Feb 1 2018;EXPLOSI흁;69
Feb 1 2018;MENOR EN ESTABLECIMIENTO MAYORES;77
Feb 1 2018;VEH펚ULO RECUPERADO;95
Feb 1 2018;FUGA DE PRESOS;129
Feb 1 2018;HALLAZGO DE EXPLOSIVOS;231
Feb 1 2019;ACCI흁 SUBVERSIVA;1
Feb 1 2019;INCENDIO EN AERONAVE;1
Feb 1 2019;DESLIZAMIENTO;4
Feb 1 2019;RESCATES MONTA헤;4
Feb 1 2019;INCIDENTE RESCATE ACU쳆ICO;6
Feb 1 2019;RESTOS HUMANOS;13
Feb 1 2019;ELECTROCUCI흁 / RESCATE;14
Feb 1 2019;INCENDIO CON MATPEL;29
Feb 1 2019;QUEMADURAS;30
Feb 1 2019;EXPLOSI흁;35
Feb 1 2019;SANGRADO VAGINAL;50
Feb 1 2019;AMENAZA DE RUINA;63
Feb 1 2019;MENOR EN ESTABLECIMIENTO MAYORES;75
Feb 1 2019;VEH펚ULO RECUPERADO;104
Feb 1 2019;FUGA DE PRESOS;105
Feb 1 2019;HALLAZGO DE EXPLOSIVOS;116
Formula1;ABORTO;
Formula1;ACCIDENTE DE AVIACI흁;
Formula1;ACCI흁 SUBVERSIVA;
Formula1;AMENAZA DE RUINA;
Formula1;DESARME;
Formula1;DESLIZAMIENTO;
Formula1;ELECTROCUCI흁 / RESCATE;
Formula1;EXPLOSI흁;
Formula1;FUGA DE PRESOS;
Formula1;HALLAZGO DE EXPLOSIVOS;
Formula1;INCENDIO CON MATPEL;
Formula1;INCENDIO EN AERONAVE;
Formula1;INCIDENTE RESCATE ACU쳆ICO;
Formula1;MENOR EN ESTABLECIMIENTO MAYORES;
Formula1;PREVENCI흁;
Formula1;QUEMADURAS;
Formula1;RESCATES MONTA헤;
Formula1;RESTOS HUMANOS;
Formula1;SANGRADO VAGINAL;
Formula1;SISMO;
Formula1;VEH펚ULO RECUPERADO;
Jan 1 2014;ACCI흁 SUBVERSIVA;1
Jan 1 2014;INCENDIO EN AERONAVE;1
Jan 1 2014;PREVENCI흁;1
Jan 1 2014;SISMO;2
Jan 1 2014;RESCATES MONTA헤;4
Jan 1 2014;ABORTO;7
Jan 1 2014;RESTOS HUMANOS;10
Jan 1 2014;DESLIZAMIENTO;11
Jan 1 2014;INCIDENTE RESCATE ACU쳆ICO;14
Jan 1 2014;INCENDIO CON MATPEL;35
Jan 1 2014;ELECTROCUCI흁 / RESCATE;42
Jan 1 2014;AMENAZA DE RUINA;44
Jan 1 2014;VEH펚ULO RECUPERADO;63
Jan 1 2014;QUEMADURAS;75
Jan 1 2014;FUGA DE PRESOS;102
Jan 1 2014;MENOR EN ESTABLECIMIENTO MAYORES;103
Jan 1 2014;HALLAZGO DE EXPLOSIVOS;121
Jan 1 2014;EXPLOSI흁;129
Jan 1 2015;DESARME;1
Jan 1 2015;SISMO;1
Jan 1 2015;PREVENCI흁;3
Jan 1 2015;SANGRADO VAGINAL;4
Jan 1 2015;RESCATES MONTA헤;5
Jan 1 2015;DESLIZAMIENTO;6
Jan 1 2015;RESTOS HUMANOS;10
Jan 1 2015;ABORTO;12
Jan 1 2015;INCIDENTE RESCATE ACU쳆ICO;29
Jan 1 2015;ELECTROCUCI흁 / RESCATE;33
Jan 1 2015;INCENDIO CON MATPEL;44
Jan 1 2015;AMENAZA DE RUINA;56
Jan 1 2015;VEH펚ULO RECUPERADO;72
Jan 1 2015;QUEMADURAS;75
Jan 1 2015;EXPLOSI흁;81
Jan 1 2015;MENOR EN ESTABLECIMIENTO MAYORES;99
Jan 1 2015;FUGA DE PRESOS;103
Jan 1 2015;HALLAZGO DE EXPLOSIVOS;115
Jan 1 2016;SISMO;1
Jan 1 2016;ACCI흁 SUBVERSIVA;2
Jan 1 2016;SANGRADO VAGINAL;4
Jan 1 2016;PREVENCI흁;5
Jan 1 2016;RESCATES MONTA헤;7
Jan 1 2016;INCIDENTE RESCATE ACU쳆ICO;9
Jan 1 2016;DESLIZAMIENTO;11
Jan 1 2016;ABORTO;19
Jan 1 2016;RESTOS HUMANOS;19
Jan 1 2016;ELECTROCUCI흁 / RESCATE;24
Jan 1 2016;INCENDIO CON MATPEL;37
Jan 1 2016;AMENAZA DE RUINA;51
Jan 1 2016;FUGA DE PRESOS;88
Jan 1 2016;MENOR EN ESTABLECIMIENTO MAYORES;89
Jan 1 2016;VEH펚ULO RECUPERADO;95
Jan 1 2016;QUEMADURAS;98
Jan 1 2016;EXPLOSI흁;104
Jan 1 2016;HALLAZGO DE EXPLOSIVOS;130
Jan 1 2017;ACCI흁 SUBVERSIVA;1
Jan 1 2017;RESCATES MONTA헤;2
Jan 1 2017;ABORTO;4
Jan 1 2017;DESLIZAMIENTO;4
Jan 1 2017;RESTOS HUMANOS;12
Jan 1 2017;INCIDENTE RESCATE ACU쳆ICO;20
Jan 1 2017;ELECTROCUCI흁 / RESCATE;27
Jan 1 2017;INCENDIO CON MATPEL;30
Jan 1 2017;AMENAZA DE RUINA;40
Jan 1 2017;SANGRADO VAGINAL;47
Jan 1 2017;QUEMADURAS;53
Jan 1 2017;FUGA DE PRESOS;82
Jan 1 2017;EXPLOSI흁;88
Jan 1 2017;MENOR EN ESTABLECIMIENTO MAYORES;102
Jan 1 2017;VEH펚ULO RECUPERADO;102
Jan 1 2017;HALLAZGO DE EXPLOSIVOS;134
Jan 1 2018;ACCI흁 SUBVERSIVA;1
Jan 1 2018;DESARME;1
Jan 1 2018;ABORTO;2
Jan 1 2018;RESCATES MONTA헤;5
Jan 1 2018;RESTOS HUMANOS;8
Jan 1 2018;INCIDENTE RESCATE ACU쳆ICO;9
Jan 1 2018;INCENDIO CON MATPEL;11
Jan 1 2018;ELECTROCUCI흁 / RESCATE;19
Jan 1 2018;QUEMADURAS;35
Jan 1 2018;DESLIZAMIENTO;37
Jan 1 2018;EXPLOSI흁;52
Jan 1 2018;SANGRADO VAGINAL;57
Jan 1 2018;AMENAZA DE RUINA;67
Jan 1 2018;MENOR EN ESTABLECIMIENTO MAYORES;74
Jan 1 2018;FUGA DE PRESOS;103
Jan 1 2018;VEH펚ULO RECUPERADO;116
Jan 1 2018;HALLAZGO DE EXPLOSIVOS;156
Jan 1 2019;DESARME;1
Jan 1 2019;DESLIZAMIENTO;1
Jan 1 2019;ACCI흁 SUBVERSIVA;2
Jan 1 2019;SISMO;4
Jan 1 2019;RESCATES MONTA헤;5
Jan 1 2019;INCIDENTE RESCATE ACU쳆ICO;15
Jan 1 2019;RESTOS HUMANOS;19
Jan 1 2019;INCENDIO CON MATPEL;24
Jan 1 2019;ELECTROCUCI흁 / RESCATE;27
Jan 1 2019;QUEMADURAS;35
Jan 1 2019;MENOR EN ESTABLECIMIENTO MAYORES;60
Jan 1 2019;FUGA DE PRESOS;62
Jan 1 2019;SANGRADO VAGINAL;64
Jan 1 2019;AMENAZA DE RUINA;66
Jan 1 2019;VEH펚ULO RECUPERADO;102
Jan 1 2019;EXPLOSI흁;138
Jan 1 2019;HALLAZGO DE EXPLOSIVOS;197
Jul 1 2014;PREVENCI흁;1
Jul 1 2014;RESCATES MONTA헤;2
Jul 1 2014;ABORTO;7
Jul 1 2014;RESTOS HUMANOS;10
Jul 1 2014;ACCI흁 SUBVERSIVA;12
Jul 1 2014;INCIDENTE RESCATE ACU쳆ICO;13
Jul 1 2014;ELECTROCUCI흁 / RESCATE;27
Jul 1 2014;DESLIZAMIENTO;36
Jul 1 2014;INCENDIO CON MATPEL;46
Jul 1 2014;AMENAZA DE RUINA;54
Jul 1 2014;QUEMADURAS;72
Jul 1 2014;FUGA DE PRESOS;87
Jul 1 2014;MENOR EN ESTABLECIMIENTO MAYORES;93
Jul 1 2014;VEH펚ULO RECUPERADO;100
Jul 1 2014;HALLAZGO DE EXPLOSIVOS;161
Jul 1 2014;EXPLOSI흁;197
Jul 1 2015;SISMO;1
Jul 1 2015;DESARME;2
Jul 1 2015;PREVENCI흁;3
Jul 1 2015;ACCI흁 SUBVERSIVA;4
Jul 1 2015;SANGRADO VAGINAL;4
Jul 1 2015;RESCATES MONTA헤;7
Jul 1 2015;RESTOS HUMANOS;10
Jul 1 2015;DESLIZAMIENTO;14
Jul 1 2015;INCIDENTE RESCATE ACU쳆ICO;20
Jul 1 2015;ABORTO;32
Jul 1 2015;ELECTROCUCI흁 / RESCATE;38
Jul 1 2015;AMENAZA DE RUINA;40
Jul 1 2015;INCENDIO CON MATPEL;54
Jul 1 2015;FUGA DE PRESOS;90
Jul 1 2015;QUEMADURAS;93
Jul 1 2015;MENOR EN ESTABLECIMIENTO MAYORES;95
Jul 1 2015;VEH펚ULO RECUPERADO;105
Jul 1 2015;EXPLOSI흁;189
Jul 1 2015;HALLAZGO DE EXPLOSIVOS;434
Jul 1 2016;DESARME;1
Jul 1 2016;PREVENCI흁;1
Jul 1 2016;ABORTO;2
Jul 1 2016;ACCI흁 SUBVERSIVA;2
Jul 1 2016;SISMO;3
Jul 1 2016;RESTOS HUMANOS;15
Jul 1 2016;ELECTROCUCI흁 / RESCATE;23
Jul 1 2016;INCENDIO CON MATPEL;24
Jul 1 2016;INCIDENTE RESCATE ACU쳆ICO;29
Jul 1 2016;DESLIZAMIENTO;37
Jul 1 2016;AMENAZA DE RUINA;50
Jul 1 2016;QUEMADURAS;66
Jul 1 2016;SANGRADO VAGINAL;73
Jul 1 2016;EXPLOSI흁;91
Jul 1 2016;VEH펚ULO RECUPERADO;92
Jul 1 2016;FUGA DE PRESOS;118
Jul 1 2016;HALLAZGO DE EXPLOSIVOS;123
Jul 1 2016;MENOR EN ESTABLECIMIENTO MAYORES;179
Jul 1 2017;ACCIDENTE DE AVIACI흁;1
Jul 1 2017;ACCI흁 SUBVERSIVA;1
Jul 1 2017;INCENDIO EN AERONAVE;1
Jul 1 2017;ABORTO;2
Jul 1 2017;RESCATES MONTA헤;3
Jul 1 2017;DESLIZAMIENTO;7
Jul 1 2017;ELECTROCUCI흁 / RESCATE;13
Jul 1 2017;INCIDENTE RESCATE ACU쳆ICO;15
Jul 1 2017;RESTOS HUMANOS;16
Jul 1 2017;AMENAZA DE RUINA;33
Jul 1 2017;INCENDIO CON MATPEL;38
Jul 1 2017;QUEMADURAS;61
Jul 1 2017;SANGRADO VAGINAL;62
Jul 1 2017;EXPLOSI흁;79
Jul 1 2017;MENOR EN ESTABLECIMIENTO MAYORES;109
Jul 1 2017;VEH펚ULO RECUPERADO;118
Jul 1 2017;FUGA DE PRESOS;128
Jul 1 2017;HALLAZGO DE EXPLOSIVOS;264
Jul 1 2018;ACCI흁 SUBVERSIVA;3
Jul 1 2018;RESCATES MONTA헤;3
Jul 1 2018;SISMO;4
Jul 1 2018;DESLIZAMIENTO;6
Jul 1 2018;INCENDIO CON MATPEL;12
Jul 1 2018;RESTOS HUMANOS;12
Jul 1 2018;INCIDENTE RESCATE ACU쳆ICO;20
Jul 1 2018;QUEMADURAS;39
Jul 1 2018;EXPLOSI흁;54
Jul 1 2018;SANGRADO VAGINAL;54
Jul 1 2018;ELECTROCUCI흁 / RESCATE;57
Jul 1 2018;AMENAZA DE RUINA;63
Jul 1 2018;HALLAZGO DE EXPLOSIVOS;89
Jul 1 2018;MENOR EN ESTABLECIMIENTO MAYORES;111
Jul 1 2018;VEH펚ULO RECUPERADO;119
Jul 1 2018;FUGA DE PRESOS;130
Jul 1 2019;DESARME;1
Jul 1 2019;PREVENCI흁;1
Jul 1 2019;ABORTO;4
Jul 1 2019;RESTOS HUMANOS;10
Jul 1 2019;ELECTROCUCI흁 / RESCATE;11
Jul 1 2019;INCIDENTE RESCATE ACU쳆ICO;12
Jul 1 2019;RESCATES MONTA헤;16
Jul 1 2019;DESLIZAMIENTO;19
Jul 1 2019;INCENDIO CON MATPEL;22
Jul 1 2019;QUEMADURAS;41
Jul 1 2019;EXPLOSI흁;51
Jul 1 2019;SANGRADO VAGINAL;61
Jul 1 2019;AMENAZA DE RUINA;64
Jul 1 2019;MENOR EN ESTABLECIMIENTO MAYORES;80
Jul 1 2019;VEH펚ULO RECUPERADO;91
Jul 1 2019;HALLAZGO DE EXPLOSIVOS;95
Jul 1 2019;FUGA DE PRESOS;103
Jun 1 2014;DESARME;1
Jun 1 2014;RESCATES MONTA헤;3
Jun 1 2014;ACCI흁 SUBVERSIVA;5
Jun 1 2014;ABORTO;6
Jun 1 2014;INCENDIO CON MATPEL;9
Jun 1 2014;RESTOS HUMANOS;15
Jun 1 2014;INCIDENTE RESCATE ACU쳆ICO;22
Jun 1 2014;ELECTROCUCI흁 / RESCATE;42
Jun 1 2014;DESLIZAMIENTO;43
Jun 1 2014;AMENAZA DE RUINA;49
Jun 1 2014;QUEMADURAS;61
Jun 1 2014;VEH펚ULO RECUPERADO;75
Jun 1 2014;FUGA DE PRESOS;90
Jun 1 2014;EXPLOSI흁;93
Jun 1 2014;HALLAZGO DE EXPLOSIVOS;115
Jun 1 2014;MENOR EN ESTABLECIMIENTO MAYORES;152
Jun 1 2015;PREVENCI흁;2
Jun 1 2015;RESTOS HUMANOS;10
Jun 1 2015;ELECTROCUCI흁 / RESCATE;15
Jun 1 2015;RESCATES MONTA헤;15
Jun 1 2015;ABORTO;17
Jun 1 2015;INCENDIO CON MATPEL;17
Jun 1 2015;INCIDENTE RESCATE ACU쳆ICO;23
Jun 1 2015;DESLIZAMIENTO;31
Jun 1 2015;AMENAZA DE RUINA;66
Jun 1 2015;QUEMADURAS;80
Jun 1 2015;VEH펚ULO RECUPERADO;81
Jun 1 2015;EXPLOSI흁;82
Jun 1 2015;FUGA DE PRESOS;105
Jun 1 2015;HALLAZGO DE EXPLOSIVOS;130
Jun 1 2015;MENOR EN ESTABLECIMIENTO MAYORES;146
Jun 1 2016;ACCI흁 SUBVERSIVA;1
Jun 1 2016;RESCATES MONTA헤;3
Jun 1 2016;DESLIZAMIENTO;6
Jun 1 2016;ABORTO;7
Jun 1 2016;PREVENCI흁;9
Jun 1 2016;RESTOS HUMANOS;11
Jun 1 2016;INCIDENTE RESCATE ACU쳆ICO;25
Jun 1 2016;ELECTROCUCI흁 / RESCATE;35
Jun 1 2016;INCENDIO CON MATPEL;37
Jun 1 2016;SANGRADO VAGINAL;53
Jun 1 2016;AMENAZA DE RUINA;76
Jun 1 2016;VEH펚ULO RECUPERADO;95
Jun 1 2016;QUEMADURAS;103
Jun 1 2016;EXPLOSI흁;107
Jun 1 2016;FUGA DE PRESOS;110
Jun 1 2016;HALLAZGO DE EXPLOSIVOS;127
Jun 1 2016;MENOR EN ESTABLECIMIENTO MAYORES;160
Jun 1 2017;SISMO;2
Jun 1 2017;ACCI흁 SUBVERSIVA;3
Jun 1 2017;ABORTO;5
Jun 1 2017;RESTOS HUMANOS;9
Jun 1 2017;RESCATES MONTA헤;11
Jun 1 2017;INCENDIO CON MATPEL;12
Jun 1 2017;ELECTROCUCI흁 / RESCATE;20
Jun 1 2017;INCIDENTE RESCATE ACU쳆ICO;29
Jun 1 2017;SANGRADO VAGINAL;51
Jun 1 2017;AMENAZA DE RUINA;57
Jun 1 2017;DESLIZAMIENTO;58
Jun 1 2017;QUEMADURAS;59
Jun 1 2017;FUGA DE PRESOS;84
Jun 1 2017;VEH펚ULO RECUPERADO;89
Jun 1 2017;EXPLOSI흁;90
Jun 1 2017;MENOR EN ESTABLECIMIENTO MAYORES;129
Jun 1 2017;HALLAZGO DE EXPLOSIVOS;269
Jun 1 2018;ABORTO;2
Jun 1 2018;SISMO;2
Jun 1 2018;RESCATES MONTA헤;3
Jun 1 2018;RESTOS HUMANOS;11
Jun 1 2018;DESLIZAMIENTO;13
Jun 1 2018;INCENDIO CON MATPEL;16
Jun 1 2018;ELECTROCUCI흁 / RESCATE;23
Jun 1 2018;INCIDENTE RESCATE ACU쳆ICO;29
Jun 1 2018;EXPLOSI흁;42
Jun 1 2018;QUEMADURAS;51
Jun 1 2018;AMENAZA DE RUINA;57
Jun 1 2018;SANGRADO VAGINAL;64
Jun 1 2018;HALLAZGO DE EXPLOSIVOS;103
Jun 1 2018;MENOR EN ESTABLECIMIENTO MAYORES;108
Jun 1 2018;FUGA DE PRESOS;112
Jun 1 2018;VEH펚ULO RECUPERADO;130
Jun 1 2019;RESCATES MONTA헤;4
Jun 1 2019;ABORTO;5
Jun 1 2019;RESTOS HUMANOS;9
Jun 1 2019;INCIDENTE RESCATE ACU쳆ICO;12
Jun 1 2019;INCENDIO CON MATPEL;21
Jun 1 2019;ELECTROCUCI흁 / RESCATE;23
Jun 1 2019;DESLIZAMIENTO;30
Jun 1 2019;EXPLOSI흁;36
Jun 1 2019;QUEMADURAS;41
Jun 1 2019;HALLAZGO DE EXPLOSIVOS;62
Jun 1 2019;AMENAZA DE RUINA;68
Jun 1 2019;SANGRADO VAGINAL;68
Jun 1 2019;FUGA DE PRESOS;94
Jun 1 2019;VEH펚ULO RECUPERADO;97
Jun 1 2019;MENOR EN ESTABLECIMIENTO MAYORES;121
Mar 1 2014;DESARME;1
Mar 1 2014;PREVENCI흁;1
Mar 1 2014;ACCI흁 SUBVERSIVA;5
Mar 1 2014;RESCATES MONTA헤;5
Mar 1 2014;ABORTO;7
Mar 1 2014;RESTOS HUMANOS;7
Mar 1 2014;INCENDIO CON MATPEL;16
Mar 1 2014;ELECTROCUCI흁 / RESCATE;23
Mar 1 2014;DESLIZAMIENTO;31
Mar 1 2014;INCIDENTE RESCATE ACU쳆ICO;35
Mar 1 2014;AMENAZA DE RUINA;53
Mar 1 2014;QUEMADURAS;70
Mar 1 2014;VEH펚ULO RECUPERADO;87
Mar 1 2014;EXPLOSI흁;100
Mar 1 2014;FUGA DE PRESOS;135
Mar 1 2014;HALLAZGO DE EXPLOSIVOS;136
Mar 1 2014;MENOR EN ESTABLECIMIENTO MAYORES;150
Mar 1 2015;DESARME;1
Mar 1 2015;SANGRADO VAGINAL;1
Mar 1 2015;PREVENCI흁;2
Mar 1 2015;ACCI흁 SUBVERSIVA;3
Mar 1 2015;RESCATES MONTA헤;3
Mar 1 2015;RESTOS HUMANOS;7
Mar 1 2015;ABORTO;13
Mar 1 2015;INCENDIO CON MATPEL;29
Mar 1 2015;SISMO;34
Mar 1 2015;DESLIZAMIENTO;43
Mar 1 2015;INCIDENTE RESCATE ACU쳆ICO;44
Mar 1 2015;ELECTROCUCI흁 / RESCATE;45
Mar 1 2015;QUEMADURAS;67
Mar 1 2015;VEH펚ULO RECUPERADO;78
Mar 1 2015;FUGA DE PRESOS;103
Mar 1 2015;MENOR EN ESTABLECIMIENTO MAYORES;123
Mar 1 2015;HALLAZGO DE EXPLOSIVOS;205
Mar 1 2015;AMENAZA DE RUINA;211
Mar 1 2015;EXPLOSI흁;222
Mar 1 2016;ACCIDENTE DE AVIACI흁;1
Mar 1 2016;PREVENCI흁;1
Mar 1 2016;SISMO;1
Mar 1 2016;ABORTO;3
Mar 1 2016;ACCI흁 SUBVERSIVA;4
Mar 1 2016;RESTOS HUMANOS;10
Mar 1 2016;ELECTROCUCI흁 / RESCATE;15
Mar 1 2016;INCENDIO CON MATPEL;28
Mar 1 2016;INCIDENTE RESCATE ACU쳆ICO;46
Mar 1 2016;DESLIZAMIENTO;53
Mar 1 2016;SANGRADO VAGINAL;76
Mar 1 2016;QUEMADURAS;77
Mar 1 2016;VEH펚ULO RECUPERADO;92
Mar 1 2016;AMENAZA DE RUINA;119
Mar 1 2016;MENOR EN ESTABLECIMIENTO MAYORES;121
Mar 1 2016;EXPLOSI흁;129
Mar 1 2016;FUGA DE PRESOS;129
Mar 1 2016;HALLAZGO DE EXPLOSIVOS;143
Mar 1 2017;ABORTO;2
Mar 1 2017;INCENDIO CON MATPEL;9
Mar 1 2017;RESTOS HUMANOS;10
Mar 1 2017;RESCATES MONTA헤;14
Mar 1 2017;INCIDENTE RESCATE ACU쳆ICO;26
Mar 1 2017;ELECTROCUCI흁 / RESCATE;31
Mar 1 2017;QUEMADURAS;55
Mar 1 2017;SANGRADO VAGINAL;58
Mar 1 2017;EXPLOSI흁;74
Mar 1 2017;AMENAZA DE RUINA;94
Mar 1 2017;FUGA DE PRESOS;119
Mar 1 2017;MENOR EN ESTABLECIMIENTO MAYORES;128
Mar 1 2017;DESLIZAMIENTO;131
Mar 1 2017;VEH펚ULO RECUPERADO;148
Mar 1 2017;HALLAZGO DE EXPLOSIVOS;176
Mar 1 2018;ABORTO;4
Mar 1 2018;ACCI흁 SUBVERSIVA;4
Mar 1 2018;RESCATES MONTA헤;4
Mar 1 2018;RESTOS HUMANOS;6
Mar 1 2018;ELECTROCUCI흁 / RESCATE;19
Mar 1 2018;INCENDIO CON MATPEL;24
Mar 1 2018;DESLIZAMIENTO;34
Mar 1 2018;AMENAZA DE RUINA;55
Mar 1 2018;INCIDENTE RESCATE ACU쳆ICO;60
Mar 1 2018;QUEMADURAS;60
Mar 1 2018;SANGRADO VAGINAL;72
Mar 1 2018;EXPLOSI흁;77
Mar 1 2018;MENOR EN ESTABLECIMIENTO MAYORES;90
Mar 1 2018;FUGA DE PRESOS;110
Mar 1 2018;VEH펚ULO RECUPERADO;116
Mar 1 2018;HALLAZGO DE EXPLOSIVOS;142
Mar 1 2019;RESCATES MONTA헤;1
Mar 1 2019;ABORTO;2
Mar 1 2019;ACCI흁 SUBVERSIVA;2
Mar 1 2019;DESLIZAMIENTO;14
Mar 1 2019;INCENDIO CON MATPEL;15
Mar 1 2019;RESTOS HUMANOS;21
Mar 1 2019;ELECTROCUCI흁 / RESCATE;24
Mar 1 2019;INCIDENTE RESCATE ACU쳆ICO;29
Mar 1 2019;QUEMADURAS;33
Mar 1 2019;EXPLOSI흁;52
Mar 1 2019;SANGRADO VAGINAL;61
Mar 1 2019;AMENAZA DE RUINA;69
Mar 1 2019;VEH펚ULO RECUPERADO;106
Mar 1 2019;HALLAZGO DE EXPLOSIVOS;108
Mar 1 2019;MENOR EN ESTABLECIMIENTO MAYORES;121
Mar 1 2019;FUGA DE PRESOS;132
May 1 2014;SISMO;1
May 1 2014;ACCI흁 SUBVERSIVA;4
May 1 2014;RESCATES MONTA헤;5
May 1 2014;DESLIZAMIENTO;7
May 1 2014;ABORTO;8
May 1 2014;RESTOS HUMANOS;9
May 1 2014;ELECTROCUCI흁 / RESCATE;26
May 1 2014;INCENDIO CON MATPEL;29
May 1 2014;AMENAZA DE RUINA;43
May 1 2014;INCIDENTE RESCATE ACU쳆ICO;49
May 1 2014;QUEMADURAS;81
May 1 2014;VEH펚ULO RECUPERADO;94
May 1 2014;FUGA DE PRESOS;124
May 1 2014;MENOR EN ESTABLECIMIENTO MAYORES;127
May 1 2014;EXPLOSI흁;128
May 1 2014;HALLAZGO DE EXPLOSIVOS;150
May 1 2015;RESCATES MONTA헤;1
May 1 2015;DESLIZAMIENTO;3
May 1 2015;PREVENCI흁;3
May 1 2015;ACCI흁 SUBVERSIVA;6
May 1 2015;INCIDENTE RESCATE ACU쳆ICO;18
May 1 2015;ABORTO;19
May 1 2015;RESTOS HUMANOS;20
May 1 2015;ELECTROCUCI흁 / RESCATE;26
May 1 2015;AMENAZA DE RUINA;49
May 1 2015;INCENDIO CON MATPEL;56
May 1 2015;QUEMADURAS;72
May 1 2015;VEH펚ULO RECUPERADO;79
May 1 2015;EXPLOSI흁;105
May 1 2015;FUGA DE PRESOS;117
May 1 2015;HALLAZGO DE EXPLOSIVOS;161
May 1 2015;MENOR EN ESTABLECIMIENTO MAYORES;170
May 1 2016;INCENDIO EN AERONAVE;1
May 1 2016;RESCATES MONTA헤;1
May 1 2016;ACCI흁 SUBVERSIVA;2
May 1 2016;DESARME;2
May 1 2016;SISMO;2
May 1 2016;ABORTO;3
May 1 2016;PREVENCI흁;6
May 1 2016;INCENDIO CON MATPEL;8
May 1 2016;RESTOS HUMANOS;13
May 1 2016;ELECTROCUCI흁 / RESCATE;21
May 1 2016;INCIDENTE RESCATE ACU쳆ICO;22
May 1 2016;DESLIZAMIENTO;25
May 1 2016;AMENAZA DE RUINA;56
May 1 2016;QUEMADURAS;65
May 1 2016;EXPLOSI흁;73
May 1 2016;SANGRADO VAGINAL;88
May 1 2016;VEH펚ULO RECUPERADO;102
May 1 2016;MENOR EN ESTABLECIMIENTO MAYORES;131
May 1 2016;HALLAZGO DE EXPLOSIVOS;137
May 1 2016;FUGA DE PRESOS;161
May 1 2017;ABORTO;1
May 1 2017;ACCI흁 SUBVERSIVA;1
May 1 2017;RESCATES MONTA헤;8
May 1 2017;RESTOS HUMANOS;9
May 1 2017;INCENDIO CON MATPEL;17
May 1 2017;ELECTROCUCI흁 / RESCATE;43
May 1 2017;QUEMADURAS;59
May 1 2017;SANGRADO VAGINAL;88
May 1 2017;FUGA DE PRESOS;89
May 1 2017;EXPLOSI흁;90
May 1 2017;VEH펚ULO RECUPERADO;94
May 1 2017;INCIDENTE RESCATE ACU쳆ICO;95
May 1 2017;MENOR EN ESTABLECIMIENTO MAYORES;103
May 1 2017;AMENAZA DE RUINA;135
May 1 2017;HALLAZGO DE EXPLOSIVOS;144
May 1 2017;DESLIZAMIENTO;173
May 1 2018;DESARME;1
May 1 2018;RESCATES MONTA헤;2
May 1 2018;ABORTO;4
May 1 2018;RESTOS HUMANOS;12
May 1 2018;INCENDIO CON MATPEL;16
May 1 2018;INCIDENTE RESCATE ACU쳆ICO;19
May 1 2018;ELECTROCUCI흁 / RESCATE;29
May 1 2018;DESLIZAMIENTO;32
May 1 2018;QUEMADURAS;43
May 1 2018;SANGRADO VAGINAL;50
May 1 2018;AMENAZA DE RUINA;67
May 1 2018;EXPLOSI흁;69
May 1 2018;VEH펚ULO RECUPERADO;90
May 1 2018;HALLAZGO DE EXPLOSIVOS;100
May 1 2018;MENOR EN ESTABLECIMIENTO MAYORES;100
May 1 2018;FUGA DE PRESOS;163
May 1 2019;RESCATES MONTA헤;2
May 1 2019;ABORTO;3
May 1 2019;SISMO;3
May 1 2019;RESTOS HUMANOS;9
May 1 2019;INCENDIO CON MATPEL;12
May 1 2019;DESLIZAMIENTO;13
May 1 2019;INCIDENTE RESCATE ACU쳆ICO;15
May 1 2019;ELECTROCUCI흁 / RESCATE;37
May 1 2019;QUEMADURAS;41
May 1 2019;AMENAZA DE RUINA;64
May 1 2019;SANGRADO VAGINAL;65
May 1 2019;MENOR EN ESTABLECIMIENTO MAYORES;84
May 1 2019;EXPLOSI흁;88
May 1 2019;VEH펚ULO RECUPERADO;97
May 1 2019;HALLAZGO DE EXPLOSIVOS;132
May 1 2019;FUGA DE PRESOS;133
Nov 1 2014;SISMO;2
Nov 1 2014;ACCI흁 SUBVERSIVA;3
Nov 1 2014;DESARME;4
Nov 1 2014;RESCATES MONTA헤;5
Nov 1 2014;SANGRADO VAGINAL;5
Nov 1 2014;PREVENCI흁;8
Nov 1 2014;ABORTO;13
Nov 1 2014;RESTOS HUMANOS;22
Nov 1 2014;ELECTROCUCI흁 / RESCATE;41
Nov 1 2014;INCENDIO CON MATPEL;41
Nov 1 2014;DESLIZAMIENTO;58
Nov 1 2014;INCIDENTE RESCATE ACU쳆ICO;66
Nov 1 2014;AMENAZA DE RUINA;72
Nov 1 2014;VEH펚ULO RECUPERADO;98
Nov 1 2014;QUEMADURAS;103
Nov 1 2014;EXPLOSI흁;128
Nov 1 2014;MENOR EN ESTABLECIMIENTO MAYORES;146
Nov 1 2014;HALLAZGO DE EXPLOSIVOS;158
Nov 1 2014;FUGA DE PRESOS;166
Nov 1 2015;RESCATES MONTA헤;2
Nov 1 2015;SISMO;2
Nov 1 2015;ACCI흁 SUBVERSIVA;3
Nov 1 2015;PREVENCI흁;6
Nov 1 2015;SANGRADO VAGINAL;7
Nov 1 2015;ABORTO;11
Nov 1 2015;RESTOS HUMANOS;11
Nov 1 2015;ELECTROCUCI흁 / RESCATE;25
Nov 1 2015;INCENDIO CON MATPEL;33
Nov 1 2015;DESLIZAMIENTO;44
Nov 1 2015;AMENAZA DE RUINA;53
Nov 1 2015;QUEMADURAS;74
Nov 1 2015;INCIDENTE RESCATE ACU쳆ICO;87
Nov 1 2015;VEH펚ULO RECUPERADO;96
Nov 1 2015;EXPLOSI흁;122
Nov 1 2015;FUGA DE PRESOS;125
Nov 1 2015;MENOR EN ESTABLECIMIENTO MAYORES;138
Nov 1 2015;HALLAZGO DE EXPLOSIVOS;156
Nov 1 2016;ACCI흁 SUBVERSIVA;1
Nov 1 2016;DESARME;2
Nov 1 2016;PREVENCI흁;4
Nov 1 2016;RESCATES MONTA헤;4
Nov 1 2016;ABORTO;7
Nov 1 2016;RESTOS HUMANOS;20
Nov 1 2016;SANGRADO VAGINAL;39
Nov 1 2016;ELECTROCUCI흁 / RESCATE;50
Nov 1 2016;INCENDIO CON MATPEL;64
Nov 1 2016;AMENAZA DE RUINA;80
Nov 1 2016;EXPLOSI흁;88
Nov 1 2016;QUEMADURAS;92
Nov 1 2016;DESLIZAMIENTO;96
Nov 1 2016;VEH펚ULO RECUPERADO;96
Nov 1 2016;MENOR EN ESTABLECIMIENTO MAYORES;114
Nov 1 2016;FUGA DE PRESOS;118
Nov 1 2016;HALLAZGO DE EXPLOSIVOS;119
Nov 1 2016;INCIDENTE RESCATE ACU쳆ICO;136
Nov 1 2017;SISMO;1
Nov 1 2017;ABORTO;4
Nov 1 2017;RESCATES MONTA헤;5
Nov 1 2017;RESTOS HUMANOS;12
Nov 1 2017;INCENDIO CON MATPEL;27
Nov 1 2017;DESLIZAMIENTO;31
Nov 1 2017;ELECTROCUCI흁 / RESCATE;33
Nov 1 2017;INCIDENTE RESCATE ACU쳆ICO;49
Nov 1 2017;QUEMADURAS;52
Nov 1 2017;SANGRADO VAGINAL;66
Nov 1 2017;EXPLOSI흁;79
Nov 1 2017;MENOR EN ESTABLECIMIENTO MAYORES;95
Nov 1 2017;VEH펚ULO RECUPERADO;106
Nov 1 2017;HALLAZGO DE EXPLOSIVOS;122
Nov 1 2017;AMENAZA DE RUINA;126
Nov 1 2017;FUGA DE PRESOS;152
Nov 1 2018;ACCI흁 SUBVERSIVA;3
Nov 1 2018;RESCATES MONTA헤;5
Nov 1 2018;RESTOS HUMANOS;12
Nov 1 2018;DESLIZAMIENTO;15
Nov 1 2018;ELECTROCUCI흁 / RESCATE;17
Nov 1 2018;INCENDIO CON MATPEL;20
Nov 1 2018;AMENAZA DE RUINA;55
Nov 1 2018;INCIDENTE RESCATE ACU쳆ICO;57
Nov 1 2018;QUEMADURAS;70
Nov 1 2018;EXPLOSI흁;71
Nov 1 2018;SANGRADO VAGINAL;72
Nov 1 2018;HALLAZGO DE EXPLOSIVOS;107
Nov 1 2018;MENOR EN ESTABLECIMIENTO MAYORES;115
Nov 1 2018;VEH펚ULO RECUPERADO;121
Nov 1 2018;FUGA DE PRESOS;147
Oct 1 2014;ACCIDENTE DE AVIACI흁;1
Oct 1 2014;DESARME;1
Oct 1 2014;SISMO;1
Oct 1 2014;RESCATES MONTA헤;2
Oct 1 2014;ACCI흁 SUBVERSIVA;5
Oct 1 2014;ABORTO;6
Oct 1 2014;DESLIZAMIENTO;17
Oct 1 2014;RESTOS HUMANOS;20
Oct 1 2014;ELECTROCUCI흁 / RESCATE;39
Oct 1 2014;INCIDENTE RESCATE ACU쳆ICO;43
Oct 1 2014;INCENDIO CON MATPEL;50
Oct 1 2014;AMENAZA DE RUINA;51
Oct 1 2014;FUGA DE PRESOS;77
Oct 1 2014;VEH펚ULO RECUPERADO;84
Oct 1 2014;QUEMADURAS;99
Oct 1 2014;EXPLOSI흁;123
Oct 1 2014;MENOR EN ESTABLECIMIENTO MAYORES;136
Oct 1 2014;HALLAZGO DE EXPLOSIVOS;163
Oct 1 2015;SISMO;1
Oct 1 2015;ACCI흁 SUBVERSIVA;2
Oct 1 2015;PREVENCI흁;6
Oct 1 2015;ACCIDENTE DE AVIACI흁;10
Oct 1 2015;DESLIZAMIENTO;11
Oct 1 2015;RESCATES MONTA헤;11
Oct 1 2015;ABORTO;14
Oct 1 2015;RESTOS HUMANOS;14
Oct 1 2015;ELECTROCUCI흁 / RESCATE;29
Oct 1 2015;INCENDIO CON MATPEL;30
Oct 1 2015;AMENAZA DE RUINA;38
Oct 1 2015;INCIDENTE RESCATE ACU쳆ICO;75
Oct 1 2015;VEH펚ULO RECUPERADO;79
Oct 1 2015;QUEMADURAS;86
Oct 1 2015;FUGA DE PRESOS;113
Oct 1 2015;MENOR EN ESTABLECIMIENTO MAYORES;117
Oct 1 2015;EXPLOSI흁;128
Oct 1 2015;HALLAZGO DE EXPLOSIVOS;140
Oct 1 2016;ACCI흁 SUBVERSIVA;3
Oct 1 2016;ACCIDENTE DE AVIACI흁;4
Oct 1 2016;PREVENCI흁;4
Oct 1 2016;ABORTO;5
Oct 1 2016;RESCATES MONTA헤;6
Oct 1 2016;RESTOS HUMANOS;9
Oct 1 2016;DESLIZAMIENTO;16
Oct 1 2016;SISMO;19
Oct 1 2016;ELECTROCUCI흁 / RESCATE;36
Oct 1 2016;INCENDIO CON MATPEL;38
Oct 1 2016;AMENAZA DE RUINA;56
Oct 1 2016;INCIDENTE RESCATE ACU쳆ICO;57
Oct 1 2016;SANGRADO VAGINAL;80
Oct 1 2016;QUEMADURAS;101
Oct 1 2016;VEH펚ULO RECUPERADO;109
Oct 1 2016;EXPLOSI흁;117
Oct 1 2016;HALLAZGO DE EXPLOSIVOS;134
Oct 1 2016;MENOR EN ESTABLECIMIENTO MAYORES;144
Oct 1 2016;FUGA DE PRESOS;155
Oct 1 2017;ACCI흁 SUBVERSIVA;1
Oct 1 2017;DESARME;1
Oct 1 2017;RESCATES MONTA헤;1
Oct 1 2017;ABORTO;6
Oct 1 2017;RESTOS HUMANOS;11
Oct 1 2017;INCIDENTE RESCATE ACU쳆ICO;12
Oct 1 2017;INCENDIO CON MATPEL;17
Oct 1 2017;DESLIZAMIENTO;20
Oct 1 2017;ELECTROCUCI흁 / RESCATE;31
Oct 1 2017;SANGRADO VAGINAL;45
Oct 1 2017;AMENAZA DE RUINA;51
Oct 1 2017;QUEMADURAS;56
Oct 1 2017;EXPLOSI흁;74
Oct 1 2017;HALLAZGO DE EXPLOSIVOS;109
Oct 1 2017;MENOR EN ESTABLECIMIENTO MAYORES;112
Oct 1 2017;FUGA DE PRESOS;124
Oct 1 2017;VEH펚ULO RECUPERADO;139
Oct 1 2018;ABORTO;1
Oct 1 2018;ACCI흁 SUBVERSIVA;1
Oct 1 2018;DESARME;1
Oct 1 2018;RESCATES MONTA헤;2
Oct 1 2018;INCENDIO CON MATPEL;12
Oct 1 2018;RESTOS HUMANOS;12
Oct 1 2018;ELECTROCUCI흁 / RESCATE;25
Oct 1 2018;DESLIZAMIENTO;28
Oct 1 2018;EXPLOSI흁;31
Oct 1 2018;INCIDENTE RESCATE ACU쳆ICO;37
Oct 1 2018;QUEMADURAS;40
Oct 1 2018;AMENAZA DE RUINA;55
Oct 1 2018;SANGRADO VAGINAL;72
Oct 1 2018;MENOR EN ESTABLECIMIENTO MAYORES;85
Oct 1 2018;HALLAZGO DE EXPLOSIVOS;99
Oct 1 2018;VEH펚ULO RECUPERADO;100
Oct 1 2018;FUGA DE PRESOS;159
Sep 1 2014;SISMO;1
Sep 1 2014;DESARME;3
Sep 1 2014;DESLIZAMIENTO;3
Sep 1 2014;RESCATES MONTA헤;3
Sep 1 2014;ACCI흁 SUBVERSIVA;5
Sep 1 2014;ABORTO;6
Sep 1 2014;INCENDIO CON MATPEL;11
Sep 1 2014;INCIDENTE RESCATE ACU쳆ICO;12
Sep 1 2014;RESTOS HUMANOS;13
Sep 1 2014;ELECTROCUCI흁 / RESCATE;27
Sep 1 2014;AMENAZA DE RUINA;35
Sep 1 2014;QUEMADURAS;75
Sep 1 2014;VEH펚ULO RECUPERADO;79
Sep 1 2014;EXPLOSI흁;105
Sep 1 2014;FUGA DE PRESOS;110
Sep 1 2014;MENOR EN ESTABLECIMIENTO MAYORES;113
Sep 1 2014;HALLAZGO DE EXPLOSIVOS;137
Sep 1 2015;ACCIDENTE DE AVIACI흁;1
Sep 1 2015;ACCI흁 SUBVERSIVA;2
Sep 1 2015;SISMO;2
Sep 1 2015;DESLIZAMIENTO;3
Sep 1 2015;RESCATES MONTA헤;3
Sep 1 2015;INCENDIO EN AERONAVE;4
Sep 1 2015;PREVENCI흁;4
Sep 1 2015;ABORTO;12
Sep 1 2015;INCIDENTE RESCATE ACU쳆ICO;12
Sep 1 2015;RESTOS HUMANOS;12
Sep 1 2015;ELECTROCUCI흁 / RESCATE;38
Sep 1 2015;AMENAZA DE RUINA;51
Sep 1 2015;INCENDIO CON MATPEL;51
Sep 1 2015;VEH펚ULO RECUPERADO;96
Sep 1 2015;QUEMADURAS;99
Sep 1 2015;FUGA DE PRESOS;120
Sep 1 2015;MENOR EN ESTABLECIMIENTO MAYORES;122
Sep 1 2015;EXPLOSI흁;126
Sep 1 2015;HALLAZGO DE EXPLOSIVOS;158
Sep 1 2016;ACCIDENTE DE AVIACI흁;1
Sep 1 2016;ABORTO;2
Sep 1 2016;PREVENCI흁;4
Sep 1 2016;INCIDENTE RESCATE ACU쳆ICO;10
Sep 1 2016;INCENDIO CON MATPEL;11
Sep 1 2016;DESLIZAMIENTO;16
Sep 1 2016;RESTOS HUMANOS;16
Sep 1 2016;SANGRADO VAGINAL;56
Sep 1 2016;AMENAZA DE RUINA;59
Sep 1 2016;ELECTROCUCI흁 / RESCATE;59
Sep 1 2016;QUEMADURAS;67
Sep 1 2016;EXPLOSI흁;101
Sep 1 2016;VEH펚ULO RECUPERADO;109
Sep 1 2016;MENOR EN ESTABLECIMIENTO MAYORES;122
Sep 1 2016;FUGA DE PRESOS;146
Sep 1 2016;HALLAZGO DE EXPLOSIVOS;168
Sep 1 2017;ABORTO;1
Sep 1 2017;ACCI흁 SUBVERSIVA;1
Sep 1 2017;RESCATES MONTA헤;3
Sep 1 2017;RESTOS HUMANOS;6
Sep 1 2017;DESLIZAMIENTO;8
Sep 1 2017;INCENDIO CON MATPEL;19
Sep 1 2017;INCIDENTE RESCATE ACU쳆ICO;20
Sep 1 2017;QUEMADURAS;42
Sep 1 2017;AMENAZA DE RUINA;48
Sep 1 2017;ELECTROCUCI흁 / RESCATE;52
Sep 1 2017;EXPLOSI흁;80
Sep 1 2017;SANGRADO VAGINAL;83
Sep 1 2017;VEH펚ULO RECUPERADO;92
Sep 1 2017;MENOR EN ESTABLECIMIENTO MAYORES;102
Sep 1 2017;HALLAZGO DE EXPLOSIVOS;128
Sep 1 2017;FUGA DE PRESOS;129
Sep 1 2018;ABORTO;1
Sep 1 2018;ACCI흁 SUBVERSIVA;1
Sep 1 2018;DESARME;1
Sep 1 2018;RESCATES MONTA헤;5
Sep 1 2018;RESTOS HUMANOS;7
Sep 1 2018;DESLIZAMIENTO;11
Sep 1 2018;INCENDIO CON MATPEL;11
Sep 1 2018;ELECTROCUCI흁 / RESCATE;15
Sep 1 2018;INCIDENTE RESCATE ACU쳆ICO;17
Sep 1 2018;QUEMADURAS;50
Sep 1 2018;SANGRADO VAGINAL;51
Sep 1 2018;EXPLOSI흁;55
Sep 1 2018;AMENAZA DE RUINA;86
Sep 1 2018;HALLAZGO DE EXPLOSIVOS;104
Sep 1 2018;VEH펚ULO RECUPERADO;110
Sep 1 2018;MENOR EN ESTABLECIMIENTO MAYORES;115
Sep 1 2018;FUGA DE PRESOS;148
Sep 1 2019;ACCI흁 SUBVERSIVA;1
Sep 1 2019;ABORTO;2
Sep 1 2019;RESCATES MONTA헤;5
Sep 1 2019;RESTOS HUMANOS;11
Sep 1 2019;INCENDIO CON MATPEL;14
Sep 1 2019;DESLIZAMIENTO;19
Sep 1 2019;ELECTROCUCI흁 / RESCATE;19
Sep 1 2019;INCIDENTE RESCATE ACU쳆ICO;31
Sep 1 2019;QUEMADURAS;42
Sep 1 2019;EXPLOSI흁;63
Sep 1 2019;SANGRADO VAGINAL;64
Sep 1 2019;AMENAZA DE RUINA;77
Sep 1 2019;VEH펚ULO RECUPERADO;98
Sep 1 2019;HALLAZGO DE EXPLOSIVOS;99
Sep 1 2019;FUGA DE PRESOS;107
Sep 1 2019;MENOR EN ESTABLECIMIENTO MAYORES;112
