DIRECCION_SECCIONAL,TIPO_MPUESTO,VALOR
ADUANAS BARRANQUILLA,RENTA CUOTAS, 0  
ADUANAS BARRANQUILLA,IVA DECLARACIONES, 0  
ADUANAS BARRANQUILLA,RETENCIONES, 0  
ADUANAS BARRANQUILLA,EXTERNOS, 1.871.969 
ADUANAS BARRANQUILLA,SEGURIDAD DEMOCRATICA, 0  
IMPUESTOS BOGOTA,PATRIMONIO, 8.671 
IMPUESTOS BOGOTA,RIQUEZA, 233.739 
ADUANAS BARRANQUILLA,PRECIOS DE TRANSFERENCIA, 0  
ADUANAS BARRANQUILLA,GMF, 0  
ADUANAS BARRANQUILLA,CONSUMO, 0  
ADUANAS BARRANQUILLA,GASOLINA Y ACPM, 0  
ADUANAS BARRANQUILLA,CREE RETENCIONES, 0  
ADUANAS BARRANQUILLA,CREE DECLARACIONES, 0  
ADUANAS BARRANQUILLA,AL CARBONO, 0  
ADUANAS BARRANQUILLA,POR CLASIFICAR, 0  
ADUANAS BOGOTA,RENTA CUOTAS, 0  
ADUANAS BOGOTA,IVA DECLARACIONES, 0  
ADUANAS BOGOTA,RETENCIONES, 0  
ADUANAS BOGOTA,EXTERNOS, 5.085.152 
ADUANAS BOGOTA,SEGURIDAD DEMOCRATICA, 0  
MEDELLIN,PATRIMONIO, 2.130 
MEDELLIN,RIQUEZA, 66.023 
ADUANAS BOGOTA,PRECIOS DE TRANSFERENCIA, 0  
ADUANAS BOGOTA,GMF, 0  
ADUANAS BOGOTA,CONSUMO, 0  
ADUANAS BOGOTA,GASOLINA Y ACPM, 0  
ADUANAS BOGOTA,CREE RETENCIONES, 0  
ADUANAS BOGOTA,CREE DECLARACIONES, 0  
ADUANAS BOGOTA,AL CARBONO, 0  
ADUANAS BOGOTA,POR CLASIFICAR, 0  
ADUANAS CALI,RENTA CUOTAS, 0  
ADUANAS CALI,IVA DECLARACIONES, 0  
ADUANAS CALI,RETENCIONES, 0  
ADUANAS CALI,EXTERNOS, 942.325 
ADUANAS CALI,SEGURIDAD DEMOCRATICA, 0  
GRANDES CONTRIBUYENTES BOGOTA,PATRIMONIO, 1.266 
CALI,RIQUEZA, 33.104 
ADUANAS CALI,PRECIOS DE TRANSFERENCIA, 0  
ADUANAS CALI,GMF, 0  
ADUANAS CALI,CONSUMO, 0  
ADUANAS CALI,GASOLINA Y ACPM, 0  
ADUANAS CALI,CREE RETENCIONES, 0  
ADUANAS CALI,CREE DECLARACIONES, 0  
ADUANAS CALI,AL CARBONO, 0  
ADUANAS CALI,POR CLASIFICAR, 0  
ADUANAS DE CARTAGENA,RENTA CUOTAS, 0  
ADUANAS DE CARTAGENA,IVA DECLARACIONES, 0  
ADUANAS DE CARTAGENA,RETENCIONES, 0  
ADUANAS DE CARTAGENA,EXTERNOS, 5.456.675 
ADUANAS DE CARTAGENA,SEGURIDAD DEMOCRATICA, 0  
POPAYAN,PATRIMONIO, 847 
GRANDES CONTRIBUYENTES BOGOTA,RIQUEZA, 21.435 
ADUANAS DE CARTAGENA,PRECIOS DE TRANSFERENCIA, 0  
ADUANAS DE CARTAGENA,GMF, 0  
ADUANAS DE CARTAGENA,CONSUMO, 0  
ADUANAS DE CARTAGENA,GASOLINA Y ACPM, 0  
ADUANAS DE CARTAGENA,CREE RETENCIONES, 0  
ADUANAS DE CARTAGENA,CREE DECLARACIONES, 0  
ADUANAS DE CARTAGENA,AL CARBONO, 0  
ADUANAS DE CARTAGENA,POR CLASIFICAR, 0  
ADUANAS DE CUCUTA,RENTA CUOTAS, 0  
ADUANAS DE CUCUTA,IVA DECLARACIONES, 0  
ADUANAS DE CUCUTA,RETENCIONES, 0  
ADUANAS DE CUCUTA,EXTERNOS, 20.399 
ADUANAS DE CUCUTA,SEGURIDAD DEMOCRATICA, 0  
CALI,PATRIMONIO, 789 
BARRANQUILLA,RIQUEZA, 18.604 
ADUANAS DE CUCUTA,PRECIOS DE TRANSFERENCIA, 0  
ADUANAS DE CUCUTA,GMF, 0  
ADUANAS DE CUCUTA,CONSUMO, 0  
ADUANAS DE CUCUTA,GASOLINA Y ACPM, 0  
ADUANAS DE CUCUTA,CREE RETENCIONES, 0  
ADUANAS DE CUCUTA,CREE DECLARACIONES, 0  
ADUANAS DE CUCUTA,AL CARBONO, 0  
ADUANAS DE CUCUTA,POR CLASIFICAR, 0  
ADUANAS DE MEDELLIN,RENTA CUOTAS, 0  
ADUANAS DE MEDELLIN,IVA DECLARACIONES, 0  
ADUANAS DE MEDELLIN,RETENCIONES, 0  
ADUANAS DE MEDELLIN,EXTERNOS, 818.075 
ADUANAS DE MEDELLIN,SEGURIDAD DEMOCRATICA, 0  
CARTAGENA,PATRIMONIO, 782 
BUCARAMANGA,RIQUEZA, 17.373 
ADUANAS DE MEDELLIN,PRECIOS DE TRANSFERENCIA, 0  
ADUANAS DE MEDELLIN,GMF, 0  
ADUANAS DE MEDELLIN,CONSUMO, 0  
ADUANAS DE MEDELLIN,GASOLINA Y ACPM, 0  
ADUANAS DE MEDELLIN,CREE RETENCIONES, 0  
ADUANAS DE MEDELLIN,CREE DECLARACIONES, 0  
ADUANAS DE MEDELLIN,AL CARBONO, 0  
ADUANAS DE MEDELLIN,POR CLASIFICAR, 0  
ARAUCA,RENTA CUOTAS, 9.491 
ARAUCA,IVA DECLARACIONES, 12.992 
ARAUCA,RETENCIONES, 40.624 
ARAUCA,EXTERNOS, 186 
ARAUCA,SEGURIDAD DEMOCRATICA, 0 
BARRANQUILLA,PATRIMONIO, 689 
PEREIRA,RIQUEZA, 8.063 
ARAUCA,PRECIOS DE TRANSFERENCIA, 0  
ARAUCA,GMF, 0  
ARAUCA,CONSUMO, 530 
ARAUCA,GASOLINA Y ACPM, 0  
ARAUCA,CREE RETENCIONES, 12 
ARAUCA,CREE DECLARACIONES, 278 
ARAUCA,AL CARBONO, 0  
ARAUCA,POR CLASIFICAR, 171 
ARMENIA,RENTA CUOTAS, 69.179 
ARMENIA,IVA DECLARACIONES, 118.276 
ARMENIA,RETENCIONES, 114.100 
ARMENIA,EXTERNOS, 19.241 
ARMENIA,SEGURIDAD DEMOCRATICA, 7 
BUCARAMANGA,PATRIMONIO, 559 
MONTERIA,RIQUEZA, 6.376 
ARMENIA,PRECIOS DE TRANSFERENCIA, 3 
ARMENIA,GMF, 716 
ARMENIA,CONSUMO, 12.313 
ARMENIA,GASOLINA Y ACPM, 0 
ARMENIA,CREE RETENCIONES, 12 
ARMENIA,CREE DECLARACIONES, 773 
ARMENIA,AL CARBONO, 0  
ARMENIA,POR CLASIFICAR, 825 
BARRANCABERMEJA,RENTA CUOTAS, 24.545 
BARRANCABERMEJA,IVA DECLARACIONES, 74.466 
BARRANCABERMEJA,RETENCIONES, 73.209 
BARRANCABERMEJA,EXTERNOS, 13 
BARRANCABERMEJA,SEGURIDAD DEMOCRATICA, 0  
CUCUTA,PATRIMONIO, 310 
CUCUTA,RIQUEZA, 4.903 
BARRANCABERMEJA,PRECIOS DE TRANSFERENCIA, 0  
BARRANCABERMEJA,GMF, 322 
BARRANCABERMEJA,CONSUMO, 2.719 
BARRANCABERMEJA,GASOLINA Y ACPM, 0  
BARRANCABERMEJA,CREE RETENCIONES, 5 
BARRANCABERMEJA,CREE DECLARACIONES, 409 
BARRANCABERMEJA,AL CARBONO, 0  
BARRANCABERMEJA,POR CLASIFICAR, 526 
BARRANQUILLA,RENTA CUOTAS, 475.469 
BARRANQUILLA,IVA DECLARACIONES, 1.436.136 
BARRANQUILLA,RETENCIONES, 2.122.875 
BARRANQUILLA,EXTERNOS, 0  
BARRANQUILLA,SEGURIDAD DEMOCRATICA, 0 
TULUA,PATRIMONIO, 207 
VILLAVICENCIO,RIQUEZA, 4.730 
BARRANQUILLA,PRECIOS DE TRANSFERENCIA, 10 
BARRANQUILLA,GMF, 1.516 
BARRANQUILLA,CONSUMO, 97.605 
BARRANQUILLA,GASOLINA Y ACPM, 0 
BARRANQUILLA,CREE RETENCIONES, 552 
BARRANQUILLA,CREE DECLARACIONES, 6.971 
BARRANQUILLA,AL CARBONO, 476 
BARRANQUILLA,POR CLASIFICAR, 1.515 
BUCARAMANGA,RENTA CUOTAS, 447.385 
BUCARAMANGA,IVA DECLARACIONES, 598.880 
BUCARAMANGA,RETENCIONES, 795.150 
BUCARAMANGA,EXTERNOS, 82.818 
BUCARAMANGA,SEGURIDAD DEMOCRATICA, 0  
PEREIRA,PATRIMONIO, 199 
MANIZALES,RIQUEZA, 4.119 
BUCARAMANGA,PRECIOS DE TRANSFERENCIA, 13 
BUCARAMANGA,GMF, 20.546 
BUCARAMANGA,CONSUMO, 55.051 
BUCARAMANGA,GASOLINA Y ACPM, 7 
BUCARAMANGA,CREE RETENCIONES, 336 
BUCARAMANGA,CREE DECLARACIONES, 7.710 
BUCARAMANGA,AL CARBONO, 0  
BUCARAMANGA,POR CLASIFICAR, 1.125 
BUENAVENTURA,RENTA CUOTAS, 21.609 
BUENAVENTURA,IVA DECLARACIONES, 49.452 
BUENAVENTURA,RETENCIONES, 100.310 
BUENAVENTURA,EXTERNOS, 6.960.848 
BUENAVENTURA,SEGURIDAD DEMOCRATICA, 0  
SAN ANDRES,PATRIMONIO, 167 
CARTAGENA,RIQUEZA, 4.113 
BUENAVENTURA,PRECIOS DE TRANSFERENCIA, 0  
BUENAVENTURA,GMF, 8 
BUENAVENTURA,CONSUMO, 1.799 
BUENAVENTURA,GASOLINA Y ACPM, 0 
BUENAVENTURA,CREE RETENCIONES, 32 
BUENAVENTURA,CREE DECLARACIONES, 240 
BUENAVENTURA,AL CARBONO, 0  
BUENAVENTURA,POR CLASIFICAR, 325 
CALI,RENTA CUOTAS, 883.443 
CALI,IVA DECLARACIONES, 2.518.518 
CALI,RETENCIONES, 3.060.161 
CALI,EXTERNOS, 0  
CALI,SEGURIDAD DEMOCRATICA, 0  
MONTERIA,PATRIMONIO, 101 
VALLEDUPAR,RIQUEZA, 3.718 
CALI,PRECIOS DE TRANSFERENCIA, 161 
CALI,GMF, 467.044 
CALI,CONSUMO, 183.685 
CALI,GASOLINA Y ACPM, 0 
CALI,CREE RETENCIONES, 713 
CALI,CREE DECLARACIONES, 10.767 
CALI,AL CARBONO, 0  
CALI,POR CLASIFICAR, 3.827 
CARTAGENA,RENTA CUOTAS, 271.106 
CARTAGENA,IVA DECLARACIONES, 1.539.115 
CARTAGENA,RETENCIONES, 780.866 
CARTAGENA,EXTERNOS, 0  
CARTAGENA,SEGURIDAD DEMOCRATICA, 4 
PASTO,PATRIMONIO, 90 
IBAGUE,RIQUEZA, 3.145 
CARTAGENA,PRECIOS DE TRANSFERENCIA, 151 
CARTAGENA,GMF, 63 
CARTAGENA,CONSUMO, 59.777 
CARTAGENA,GASOLINA Y ACPM, 533.778 
CARTAGENA,CREE RETENCIONES, 279 
CARTAGENA,CREE DECLARACIONES, 4.518 
CARTAGENA,AL CARBONO, 62.160 
CARTAGENA,POR CLASIFICAR, 743 
CUCUTA,RENTA CUOTAS, 115.953 
CUCUTA,IVA DECLARACIONES, 173.095 
CUCUTA,RETENCIONES, 300.814 
CUCUTA,EXTERNOS, 0  
CUCUTA,SEGURIDAD DEMOCRATICA, 0 
ARMENIA,PATRIMONIO, 87 
ARMENIA,RIQUEZA, 2.560 
CUCUTA,PRECIOS DE TRANSFERENCIA, 0  
CUCUTA,GMF, 2.372 
CUCUTA,CONSUMO, 13.924 
CUCUTA,GASOLINA Y ACPM, 0  
CUCUTA,CREE RETENCIONES, 639 
CUCUTA,CREE DECLARACIONES, 1.001 
CUCUTA,AL CARBONO, 0  
CUCUTA,POR CLASIFICAR, 1.204 
FLORENCIA,RENTA CUOTAS, 17.184 
FLORENCIA,IVA DECLARACIONES, 27.032 
FLORENCIA,RETENCIONES, 46.102 
FLORENCIA,EXTERNOS, 0  
FLORENCIA,SEGURIDAD DEMOCRATICA, 0  
PALMIRA,PATRIMONIO, 83 
POPAYAN,RIQUEZA, 2.056 
FLORENCIA,PRECIOS DE TRANSFERENCIA, 0  
FLORENCIA,GMF, 16 
FLORENCIA,CONSUMO, 1.011 
FLORENCIA,GASOLINA Y ACPM, 0  
FLORENCIA,CREE RETENCIONES, 3 
FLORENCIA,CREE DECLARACIONES, 39 
FLORENCIA,AL CARBONO, 0  
FLORENCIA,POR CLASIFICAR, 2.229 
GIRARDOT,RENTA CUOTAS, 23.879 
GIRARDOT,IVA DECLARACIONES, 31.366 
GIRARDOT,RETENCIONES, 49.457 
GIRARDOT,EXTERNOS, 6 
GIRARDOT,SEGURIDAD DEMOCRATICA, 0 
NEIVA,PATRIMONIO, 70 
PASTO,RIQUEZA, 1.912 
GIRARDOT,PRECIOS DE TRANSFERENCIA, 0  
GIRARDOT,GMF, 0  
GIRARDOT,CONSUMO, 4.116 
GIRARDOT,GASOLINA Y ACPM, 0  
GIRARDOT,CREE RETENCIONES, 43 
GIRARDOT,CREE DECLARACIONES, 311 
GIRARDOT,AL CARBONO, 0  
GIRARDOT,POR CLASIFICAR, 257 
GRANDES CONTRIBUYENTES BOGOTA,RENTA CUOTAS, 8.346.567 
GRANDES CONTRIBUYENTES BOGOTA,IVA DECLARACIONES, 12.894.730 
GRANDES CONTRIBUYENTES BOGOTA,RETENCIONES, 29.035.153 
GRANDES CONTRIBUYENTES BOGOTA,EXTERNOS, 0  
GRANDES CONTRIBUYENTES BOGOTA,SEGURIDAD DEMOCRATICA, 0  
VILLAVICENCIO,PATRIMONIO, 54 
TULUA,RIQUEZA, 1.864 
GRANDES CONTRIBUYENTES BOGOTA,PRECIOS DE TRANSFERENCIA, 2.032 
GRANDES CONTRIBUYENTES BOGOTA,GMF, 4.208.580 
GRANDES CONTRIBUYENTES BOGOTA,CONSUMO, 833.085 
GRANDES CONTRIBUYENTES BOGOTA,GASOLINA Y ACPM, 983.757 
GRANDES CONTRIBUYENTES BOGOTA,CREE RETENCIONES, 3.482 
GRANDES CONTRIBUYENTES BOGOTA,CREE DECLARACIONES, 25.426 
GRANDES CONTRIBUYENTES BOGOTA,AL CARBONO, 230.768 
GRANDES CONTRIBUYENTES BOGOTA,POR CLASIFICAR, 4.943 
IBAGUE,RENTA CUOTAS, 84.332 
IBAGUE,IVA DECLARACIONES, 172.222 
IBAGUE,RETENCIONES, 213.768 
IBAGUE,EXTERNOS, 20 
IBAGUE,SEGURIDAD DEMOCRATICA, 0  
GIRARDOT,PATRIMONIO, 18 
PALMIRA,RIQUEZA, 1.785 
IBAGUE,PRECIOS DE TRANSFERENCIA, 0  
IBAGUE,GMF, 304 
IBAGUE,CONSUMO, 17.957 
IBAGUE,GASOLINA Y ACPM, 0  
IBAGUE,CREE RETENCIONES, 117 
IBAGUE,CREE DECLARACIONES, 668 
IBAGUE,AL CARBONO, 0  
IBAGUE,POR CLASIFICAR, 610 
IMPUESTOS BOGOTA,RENTA CUOTAS, 3.290.485 
IMPUESTOS BOGOTA,IVA DECLARACIONES, 7.139.742 
IMPUESTOS BOGOTA,RETENCIONES, 8.050.435 
IMPUESTOS BOGOTA,EXTERNOS, 0  
IMPUESTOS BOGOTA,SEGURIDAD DEMOCRATICA, 9 
QUIBDO,PATRIMONIO, 16 
NEIVA,RIQUEZA, 1.550 
IMPUESTOS BOGOTA,PRECIOS DE TRANSFERENCIA, 2.386 
IMPUESTOS BOGOTA,GMF, 63.755 
IMPUESTOS BOGOTA,CONSUMO, 399.924 
IMPUESTOS BOGOTA,GASOLINA Y ACPM, 3 
IMPUESTOS BOGOTA,CREE RETENCIONES, 6.463 
IMPUESTOS BOGOTA,CREE DECLARACIONES, 57.811 
IMPUESTOS BOGOTA,AL CARBONO, 541 
IMPUESTOS BOGOTA,POR CLASIFICAR, 39.432 
INIRIDA,RENTA CUOTAS, 1.383 
INIRIDA,IVA DECLARACIONES, 805 
INIRIDA,RETENCIONES, 4.178 
INIRIDA,EXTERNOS, 13 
INIRIDA,SEGURIDAD DEMOCRATICA, 0  
RIOHACHA,PATRIMONIO, 11 
SANTA MARTA,RIQUEZA, 1.517 
INIRIDA,PRECIOS DE TRANSFERENCIA, 0  
INIRIDA,GMF, 49 
INIRIDA,CONSUMO, 36 
INIRIDA,GASOLINA Y ACPM, 0  
INIRIDA,CREE RETENCIONES, 0  
INIRIDA,CREE DECLARACIONES, 0 
INIRIDA,AL CARBONO, 0  
INIRIDA,POR CLASIFICAR, 9 
IPIALES,RENTA CUOTAS, 0  
IPIALES,IVA DECLARACIONES, 0  
IPIALES,RETENCIONES, 0  
IPIALES,EXTERNOS, 258.396 
IPIALES,SEGURIDAD DEMOCRATICA, 0  
IBAGUE,PATRIMONIO, 10 
SOGAMOSO,RIQUEZA, 1.409 
IPIALES,PRECIOS DE TRANSFERENCIA, 0  
IPIALES,GMF, 0  
IPIALES,CONSUMO, 0  
IPIALES,GASOLINA Y ACPM, 0  
IPIALES,CREE RETENCIONES, 0  
IPIALES,CREE DECLARACIONES, 0  
IPIALES,AL CARBONO, 0  
IPIALES,POR CLASIFICAR, 0  
LETICIA,RENTA CUOTAS, 6.074 
LETICIA,IVA DECLARACIONES, 33 
LETICIA,RETENCIONES, 8.365 
LETICIA,EXTERNOS, 119 
LETICIA,SEGURIDAD DEMOCRATICA, 0  
YOPAL,PATRIMONIO, 7 
SINCELEJO,RIQUEZA, 1.296 
LETICIA,PRECIOS DE TRANSFERENCIA, 0  
LETICIA,GMF, 1 
LETICIA,CONSUMO, 0 
LETICIA,GASOLINA Y ACPM, 0  
LETICIA,CREE RETENCIONES, 143 
LETICIA,CREE DECLARACIONES, 14 
LETICIA,AL CARBONO, 95 
LETICIA,POR CLASIFICAR, 450 
MAICAO,RENTA CUOTAS, 0  
MAICAO,IVA DECLARACIONES, 0  
MAICAO,RETENCIONES, 0  
MAICAO,EXTERNOS, 14.971 
MAICAO,SEGURIDAD DEMOCRATICA, 0  
BARRANCABERMEJA,PATRIMONIO, 5 
YOPAL,RIQUEZA, 1.128 
MAICAO,PRECIOS DE TRANSFERENCIA, 0  
MAICAO,GMF, 0  
MAICAO,CONSUMO, 0  
MAICAO,GASOLINA Y ACPM, 0  
MAICAO,CREE RETENCIONES, 0  
MAICAO,CREE DECLARACIONES, 0  
MAICAO,AL CARBONO, 0  
MAICAO,POR CLASIFICAR, 0  
MANIZALES,RENTA CUOTAS, 153.276 
MANIZALES,IVA DECLARACIONES, 293.918 
MANIZALES,RETENCIONES, 406.125 
MANIZALES,EXTERNOS, 6.580 
MANIZALES,SEGURIDAD DEMOCRATICA, 1 
MANIZALES,PATRIMONIO, 4 
TUNJA,RIQUEZA, 998 
MANIZALES,PRECIOS DE TRANSFERENCIA, 0  
MANIZALES,GMF, 409 
MANIZALES,CONSUMO, 28.699 
MANIZALES,GASOLINA Y ACPM, 0  
MANIZALES,CREE RETENCIONES, 14 
MANIZALES,CREE DECLARACIONES, 1.388 
MANIZALES,AL CARBONO, 0  
MANIZALES,POR CLASIFICAR, 614 
MEDELLIN,RENTA CUOTAS, 2.190.293 
MEDELLIN,IVA DECLARACIONES, 5.271.618 
MEDELLIN,RETENCIONES, 8.473.248 
MEDELLIN,EXTERNOS, 0  
MEDELLIN,SEGURIDAD DEMOCRATICA, 5 
SINCELEJO,PATRIMONIO, 2 
GIRARDOT,RIQUEZA, 827 
MEDELLIN,PRECIOS DE TRANSFERENCIA, 164 
MEDELLIN,GMF, 2.924.423 
MEDELLIN,CONSUMO, 318.895 
MEDELLIN,GASOLINA Y ACPM, 0 
MEDELLIN,CREE RETENCIONES, 1.487 
MEDELLIN,CREE DECLARACIONES, 6.754 
MEDELLIN,AL CARBONO, 5 
MEDELLIN,POR CLASIFICAR, 5.895 
MITU,RENTA CUOTAS, 495 
MITU,IVA DECLARACIONES, 277 
MITU,RETENCIONES, 2.954 
MITU,EXTERNOS, 0  
MITU,SEGURIDAD DEMOCRATICA, 0  
VALLEDUPAR,PATRIMONIO, 2 
SAN ANDRES,RIQUEZA, 688 
MITU,PRECIOS DE TRANSFERENCIA, 0  
MITU,GMF, 0  
MITU,CONSUMO, 7 
MITU,GASOLINA Y ACPM, 0  
MITU,CREE RETENCIONES, 0  
MITU,CREE DECLARACIONES, 0  
MITU,AL CARBONO, 0  
MITU,POR CLASIFICAR, 0 
MONTERIA,RENTA CUOTAS, 62.665 
MONTERIA,IVA DECLARACIONES, 96.903 
MONTERIA,RETENCIONES, 176.414 
MONTERIA,EXTERNOS, 8 
MONTERIA,SEGURIDAD DEMOCRATICA, 0  
PUERTO ASIS,PATRIMONIO, 0 
BARRANCABERMEJA,RIQUEZA, 674 
MONTERIA,PRECIOS DE TRANSFERENCIA, 0  
MONTERIA,GMF, 0  
MONTERIA,CONSUMO, 10.642 
MONTERIA,GASOLINA Y ACPM, 0  
MONTERIA,CREE RETENCIONES, 45 
MONTERIA,CREE DECLARACIONES, 1.464 
MONTERIA,AL CARBONO, 0  
MONTERIA,POR CLASIFICAR, 825 
NEIVA,RENTA CUOTAS, 91.367 
NEIVA,IVA DECLARACIONES, 165.921 
NEIVA,RETENCIONES, 254.794 
NEIVA,EXTERNOS, 2 
NEIVA,SEGURIDAD DEMOCRATICA, 0  
BUENAVENTURA,PATRIMONIO, 0 
FLORENCIA,RIQUEZA, 575 
NEIVA,PRECIOS DE TRANSFERENCIA, 0  
NEIVA,GMF, 3.657 
NEIVA,CONSUMO, 10.442 
NEIVA,GASOLINA Y ACPM, 0  
NEIVA,CREE RETENCIONES, 69 
NEIVA,CREE DECLARACIONES, 436 
NEIVA,AL CARBONO, 0  
NEIVA,POR CLASIFICAR, 927 
PALMIRA,RENTA CUOTAS, 151.666 
PALMIRA,IVA DECLARACIONES, 253.212 
PALMIRA,RETENCIONES, 322.004 
PALMIRA,EXTERNOS, 0  
PALMIRA,SEGURIDAD DEMOCRATICA, 0  
SANTA MARTA,PATRIMONIO, 0 
QUIBDO,RIQUEZA, 466 
PALMIRA,PRECIOS DE TRANSFERENCIA, 6 
PALMIRA,GMF, 887 
PALMIRA,CONSUMO, 4.878 
PALMIRA,GASOLINA Y ACPM, 0  
PALMIRA,CREE RETENCIONES, 82 
PALMIRA,CREE DECLARACIONES, 558 
PALMIRA,AL CARBONO, 27 
PALMIRA,POR CLASIFICAR, 316 
PASTO,RENTA CUOTAS, 72.684 
PASTO,IVA DECLARACIONES, 94.279 
PASTO,RETENCIONES, 205.339 
PASTO,EXTERNOS, 206 
PASTO,SEGURIDAD DEMOCRATICA, 0  
ADUANAS BARRANQUILLA,PATRIMONIO, 0  
RIOHACHA,RIQUEZA, 420 
PASTO,PRECIOS DE TRANSFERENCIA, 0  
PASTO,GMF, 152 
PASTO,CONSUMO, 18.877 
PASTO,GASOLINA Y ACPM, 0  
PASTO,CREE RETENCIONES, 32 
PASTO,CREE DECLARACIONES, 249 
PASTO,AL CARBONO, 0  
PASTO,POR CLASIFICAR, 1.308 
PEREIRA,RENTA CUOTAS, 145.326 
PEREIRA,IVA DECLARACIONES, 352.060 
PEREIRA,RETENCIONES, 421.699 
PEREIRA,EXTERNOS, 96.627 
PEREIRA,SEGURIDAD DEMOCRATICA, 0  
ADUANAS BOGOTA,PATRIMONIO, 0  
BUENAVENTURA,RIQUEZA, 274 
PEREIRA,PRECIOS DE TRANSFERENCIA, 83 
PEREIRA,GMF, 253 
PEREIRA,CONSUMO, 58.655 
PEREIRA,GASOLINA Y ACPM, 0  
PEREIRA,CREE RETENCIONES, 47 
PEREIRA,CREE DECLARACIONES, 1.233 
PEREIRA,AL CARBONO, 0  
PEREIRA,POR CLASIFICAR, 1.862 
POPAYAN,RENTA CUOTAS, 119.707 
POPAYAN,IVA DECLARACIONES, 342.812 
POPAYAN,RETENCIONES, 327.155 
POPAYAN,EXTERNOS, 2 
POPAYAN,SEGURIDAD DEMOCRATICA, 0  
ADUANAS CALI,PATRIMONIO, 0  
ARAUCA,RIQUEZA, 134 
POPAYAN,PRECIOS DE TRANSFERENCIA, 52 
POPAYAN,GMF, 5.816 
POPAYAN,CONSUMO, 6.829 
POPAYAN,GASOLINA Y ACPM, 0  
POPAYAN,CREE RETENCIONES, 3 
POPAYAN,CREE DECLARACIONES, 188 
POPAYAN,AL CARBONO, 0  
POPAYAN,POR CLASIFICAR, 449 
PUERTO ASIS,RENTA CUOTAS, 8.797 
PUERTO ASIS,IVA DECLARACIONES, 19.937 
PUERTO ASIS,RETENCIONES, 26.604 
PUERTO ASIS,EXTERNOS, 14.690 
PUERTO ASIS,SEGURIDAD DEMOCRATICA, 0  
ADUANAS DE CARTAGENA,PATRIMONIO, 0  
LETICIA,RIQUEZA, 127 
PUERTO ASIS,PRECIOS DE TRANSFERENCIA, 0  
PUERTO ASIS,GMF, 139 
PUERTO ASIS,CONSUMO, 408 
PUERTO ASIS,GASOLINA Y ACPM, 0  
PUERTO ASIS,CREE RETENCIONES, 18 
PUERTO ASIS,CREE DECLARACIONES, 460 
PUERTO ASIS,AL CARBONO, 0  
PUERTO ASIS,POR CLASIFICAR, 22 
PUERTO CARREÑO,RENTA CUOTAS, 726 
PUERTO CARREÑO,IVA DECLARACIONES, 971 
PUERTO CARREÑO,RETENCIONES, 6.466 
PUERTO CARREÑO,EXTERNOS, 0  
PUERTO CARREÑO,SEGURIDAD DEMOCRATICA, 0  
ADUANAS DE CUCUTA,PATRIMONIO, 0  
SAN JOSE DEL GUAVIARE,RIQUEZA, 96 
PUERTO CARREÑO,PRECIOS DE TRANSFERENCIA, 0  
PUERTO CARREÑO,GMF, 0  
PUERTO CARREÑO,CONSUMO, 29 
PUERTO CARREÑO,GASOLINA Y ACPM, 0  
PUERTO CARREÑO,CREE RETENCIONES, 3 
PUERTO CARREÑO,CREE DECLARACIONES, 3 
PUERTO CARREÑO,AL CARBONO, 0  
PUERTO CARREÑO,POR CLASIFICAR, 0  
QUIBDO,RENTA CUOTAS, 8.236 
QUIBDO,IVA DECLARACIONES, 14.245 
QUIBDO,RETENCIONES, 42.194 
QUIBDO,EXTERNOS, 0  
QUIBDO,SEGURIDAD DEMOCRATICA, 0 
ADUANAS DE MEDELLIN,PATRIMONIO, 0  
PUERTO ASIS,RIQUEZA, 92 
QUIBDO,PRECIOS DE TRANSFERENCIA, 0  
QUIBDO,GMF, 22 
QUIBDO,CONSUMO, 869 
QUIBDO,GASOLINA Y ACPM, 0  
QUIBDO,CREE RETENCIONES, 381 
QUIBDO,CREE DECLARACIONES, 91 
QUIBDO,AL CARBONO, 0  
QUIBDO,POR CLASIFICAR, 417 
RIOHACHA,RENTA CUOTAS, 19.206 
RIOHACHA,IVA DECLARACIONES, 24.873 
RIOHACHA,RETENCIONES, 51.564 
RIOHACHA,EXTERNOS, 247.179 
RIOHACHA,SEGURIDAD DEMOCRATICA, 0  
ARAUCA,PATRIMONIO, 0  
MITU,RIQUEZA, 14 
RIOHACHA,PRECIOS DE TRANSFERENCIA, 1 
RIOHACHA,GMF, 32 
RIOHACHA,CONSUMO, 1.389 
RIOHACHA,GASOLINA Y ACPM, 0  
RIOHACHA,CREE RETENCIONES, 69 
RIOHACHA,CREE DECLARACIONES, 204 
RIOHACHA,AL CARBONO, 0  
RIOHACHA,POR CLASIFICAR, 255 
SAN ANDRES,RENTA CUOTAS, 36.949 
SAN ANDRES,IVA DECLARACIONES, 21.584 
SAN ANDRES,RETENCIONES, 44.912 
SAN ANDRES,EXTERNOS, 12.046 
SAN ANDRES,SEGURIDAD DEMOCRATICA, 0  
FLORENCIA,PATRIMONIO, 0  
INIRIDA,RIQUEZA, 6 
SAN ANDRES,PRECIOS DE TRANSFERENCIA, 0  
SAN ANDRES,GMF, 0  
SAN ANDRES,CONSUMO, 33 
SAN ANDRES,GASOLINA Y ACPM, 0  
SAN ANDRES,CREE RETENCIONES, 31 
SAN ANDRES,CREE DECLARACIONES, 235 
SAN ANDRES,AL CARBONO, 0  
SAN ANDRES,POR CLASIFICAR, 308 
SAN JOSE DEL GUAVIARE,RENTA CUOTAS, 1.956 
SAN JOSE DEL GUAVIARE,IVA DECLARACIONES, 2.609 
SAN JOSE DEL GUAVIARE,RETENCIONES, 9.302 
SAN JOSE DEL GUAVIARE,EXTERNOS, 0  
SAN JOSE DEL GUAVIARE,SEGURIDAD DEMOCRATICA, 0  
INIRIDA,PATRIMONIO, 0  
PUERTO CARREÑO,RIQUEZA, 4 
SAN JOSE DEL GUAVIARE,PRECIOS DE TRANSFERENCIA, 0  
SAN JOSE DEL GUAVIARE,GMF, 5 
SAN JOSE DEL GUAVIARE,CONSUMO, 244 
SAN JOSE DEL GUAVIARE,GASOLINA Y ACPM, 0  
SAN JOSE DEL GUAVIARE,CREE RETENCIONES, 0  
SAN JOSE DEL GUAVIARE,CREE DECLARACIONES, 67 
SAN JOSE DEL GUAVIARE,AL CARBONO, 0  
SAN JOSE DEL GUAVIARE,POR CLASIFICAR, 1 
SANTA MARTA,RENTA CUOTAS, 94.360 
SANTA MARTA,IVA DECLARACIONES, 136.886 
SANTA MARTA,RETENCIONES, 229.148 
SANTA MARTA,EXTERNOS, 1.107.469 
SANTA MARTA,SEGURIDAD DEMOCRATICA, 0 
IPIALES,PATRIMONIO, 0  
ADUANAS BARRANQUILLA,RIQUEZA, 0  
SANTA MARTA,PRECIOS DE TRANSFERENCIA, 7 
SANTA MARTA,GMF, 2 
SANTA MARTA,CONSUMO, 24.645 
SANTA MARTA,GASOLINA Y ACPM, 0 
SANTA MARTA,CREE RETENCIONES, 73 
SANTA MARTA,CREE DECLARACIONES, 2.328 
SANTA MARTA,AL CARBONO, 0  
SANTA MARTA,POR CLASIFICAR, 643 
SINCELEJO,RENTA CUOTAS, 29.793 
SINCELEJO,IVA DECLARACIONES, 42.444 
SINCELEJO,RETENCIONES, 62.241 
SINCELEJO,EXTERNOS, 1 
SINCELEJO,SEGURIDAD DEMOCRATICA, 1 
LETICIA,PATRIMONIO, 0  
ADUANAS BOGOTA,RIQUEZA, 0  
SINCELEJO,PRECIOS DE TRANSFERENCIA, 0  
SINCELEJO,GMF, 0  
SINCELEJO,CONSUMO, 2.119 
SINCELEJO,GASOLINA Y ACPM, 0  
SINCELEJO,CREE RETENCIONES, 45 
SINCELEJO,CREE DECLARACIONES, 1.482 
SINCELEJO,AL CARBONO, 0  
SINCELEJO,POR CLASIFICAR, 404 
SOGAMOSO,RENTA CUOTAS, 43.364 
SOGAMOSO,IVA DECLARACIONES, 73.960 
SOGAMOSO,RETENCIONES, 65.028 
SOGAMOSO,EXTERNOS, 1 
SOGAMOSO,SEGURIDAD DEMOCRATICA, 0  
MAICAO,PATRIMONIO, 0  
ADUANAS CALI,RIQUEZA, 0  
SOGAMOSO,PRECIOS DE TRANSFERENCIA, 0  
SOGAMOSO,GMF, 43 
SOGAMOSO,CONSUMO, 4.014 
SOGAMOSO,GASOLINA Y ACPM, 0  
SOGAMOSO,CREE RETENCIONES, 108 
SOGAMOSO,CREE DECLARACIONES, 320 
SOGAMOSO,AL CARBONO, 0  
SOGAMOSO,POR CLASIFICAR, 258 
TULUA,RENTA CUOTAS, 64.683 
TULUA,IVA DECLARACIONES, 109.952 
TULUA,RETENCIONES, 154.808 
TULUA,EXTERNOS, 0  
TULUA,SEGURIDAD DEMOCRATICA, 0  
MITU,PATRIMONIO, 0  
ADUANAS DE CARTAGENA,RIQUEZA, 0  
TULUA,PRECIOS DE TRANSFERENCIA, 0  
TULUA,GMF, 862 
TULUA,CONSUMO, 4.301 
TULUA,GASOLINA Y ACPM, 0  
TULUA,CREE RETENCIONES, 33 
TULUA,CREE DECLARACIONES, 108 
TULUA,AL CARBONO, 0  
TULUA,POR CLASIFICAR, 249 
TUNJA,RENTA CUOTAS, 74.830 
TUNJA,IVA DECLARACIONES, 104.487 
TUNJA,RETENCIONES, 194.498 
TUNJA,EXTERNOS, 11 
TUNJA,SEGURIDAD DEMOCRATICA, 0  
PUERTO CARREÑO,PATRIMONIO, 0  
ADUANAS DE CUCUTA,RIQUEZA, 0  
TUNJA,PRECIOS DE TRANSFERENCIA, 0  
TUNJA,GMF, 867 
TUNJA,CONSUMO, 13.541 
TUNJA,GASOLINA Y ACPM, 0 
TUNJA,CREE RETENCIONES, 159 
TUNJA,CREE DECLARACIONES, 754 
TUNJA,AL CARBONO, 0  
TUNJA,POR CLASIFICAR, 912 
URABA,RENTA CUOTAS, 0  
URABA,IVA DECLARACIONES, 0  
URABA,RETENCIONES, 0  
URABA,EXTERNOS, 51.509 
URABA,SEGURIDAD DEMOCRATICA, 0  
SAN JOSE DEL GUAVIARE,PATRIMONIO, 0  
ADUANAS DE MEDELLIN,RIQUEZA, 0  
URABA,PRECIOS DE TRANSFERENCIA, 0  
URABA,GMF, 0  
URABA,CONSUMO, 0  
URABA,GASOLINA Y ACPM, 0  
URABA,CREE RETENCIONES, 0  
URABA,CREE DECLARACIONES, 0  
URABA,AL CARBONO, 0  
URABA,POR CLASIFICAR, 0  
VALLEDUPAR,RENTA CUOTAS, 48.237 
VALLEDUPAR,IVA DECLARACIONES, 69.811 
VALLEDUPAR,RETENCIONES, 123.148 
VALLEDUPAR,EXTERNOS, 12.397 
VALLEDUPAR,SEGURIDAD DEMOCRATICA, 0  
SOGAMOSO,PATRIMONIO, 0  
IPIALES,RIQUEZA, 0  
VALLEDUPAR,PRECIOS DE TRANSFERENCIA, 0  
VALLEDUPAR,GMF, 26 
VALLEDUPAR,CONSUMO, 4.697 
VALLEDUPAR,GASOLINA Y ACPM, 0 
VALLEDUPAR,CREE RETENCIONES, 82 
VALLEDUPAR,CREE DECLARACIONES, 1.198 
VALLEDUPAR,AL CARBONO, 0  
VALLEDUPAR,POR CLASIFICAR, 635 
VILLAVICENCIO,RENTA CUOTAS, 95.116 
VILLAVICENCIO,IVA DECLARACIONES, 131.871 
VILLAVICENCIO,RETENCIONES, 228.407 
VILLAVICENCIO,EXTERNOS, 0  
VILLAVICENCIO,SEGURIDAD DEMOCRATICA, 0  
TUNJA,PATRIMONIO, 0  
MAICAO,RIQUEZA, 0  
VILLAVICENCIO,PRECIOS DE TRANSFERENCIA, 0 
VILLAVICENCIO,GMF, 491 
VILLAVICENCIO,CONSUMO, 13.362 
VILLAVICENCIO,GASOLINA Y ACPM, 0 
VILLAVICENCIO,CREE RETENCIONES, 843 
VILLAVICENCIO,CREE DECLARACIONES, 1.882 
VILLAVICENCIO,AL CARBONO, 0  
VILLAVICENCIO,POR CLASIFICAR, 469 
YOPAL,RENTA CUOTAS, 22.522 
YOPAL,IVA DECLARACIONES, 61.488 
YOPAL,RETENCIONES, 89.532 
YOPAL,EXTERNOS, 4.201 
YOPAL,SEGURIDAD DEMOCRATICA, 0  
URABA,PATRIMONIO, 0  
URABA,RIQUEZA, 0  
YOPAL,PRECIOS DE TRANSFERENCIA, 0  
YOPAL,GMF, 68 
YOPAL,CONSUMO, 1.993 
YOPAL,GASOLINA Y ACPM, 0  
YOPAL,CREE RETENCIONES, 17 
YOPAL,CREE DECLARACIONES, 1.099 
YOPAL,AL CARBONO, 0  
YOPAL,POR CLASIFICAR, 235 
